Logging to /home/portos/orc_bench/logs/hive-factor-h0-20261001-111539.log
Hive factor profile=h0 suite=audei engine=hive_tez cache=cold orc=hdfs:///orc_test/layouts/best_orc/orc
Running Hive DDL from /tmp/orc-bench-hive-ddl-7j5mGb.sql (LOCATION=hdfs:///orc_test/layouts/best_orc/orc)
find: ‘/opt/datainsight/atlas/hook/hive’: No such file or directory
WARNING: Use "yarn jar" to launch YARN applications.
SLF4J: Class path contains multiple SLF4J bindings.
SLF4J: Found binding in [jar:file:/usr/sdp/3.5.4.1-1/hive/lib/log4j-slf4j-impl-2.17.1.jar!/org/slf4j/impl/StaticLoggerBinder.class]
SLF4J: Found binding in [jar:file:/usr/sdp/3.5.4.1-1/hadoop/lib/slf4j-log4j12-1.7.25.jar!/org/slf4j/impl/StaticLoggerBinder.class]
SLF4J: See http://www.slf4j.org/codes.html#multiple_bindings for an explanation.
SLF4J: Actual binding is of type [org.apache.logging.slf4j.Log4jLoggerFactory]
26/10/01 11:15:45 [main]: INFO jdbc.HiveConnection: Connected to omlt-abyss-sdp-datanode-03.opsmon.sbt:10000



















































































find: ‘/opt/datainsight/atlas/hook/hive’: No such file or directory
WARNING: Use "yarn jar" to launch YARN applications.
SLF4J: Class path contains multiple SLF4J bindings.
SLF4J: Found binding in [jar:file:/usr/sdp/3.5.4.1-1/hive/lib/log4j-slf4j-impl-2.17.1.jar!/org/slf4j/impl/StaticLoggerBinder.class]
SLF4J: Found binding in [jar:file:/usr/sdp/3.5.4.1-1/hadoop/lib/slf4j-log4j12-1.7.25.jar!/org/slf4j/impl/StaticLoggerBinder.class]
SLF4J: See http://www.slf4j.org/codes.html#multiple_bindings for an explanation.
SLF4J: Actual binding is of type [org.apache.logging.slf4j.Log4jLoggerFactory]
26/10/01 11:17:05 [main]: INFO jdbc.HiveConnection: Connected to omlt-abyss-sdp-datanode-03.opsmon.sbt:10000
Scenario epk_eq_1d
find: ‘/opt/datainsight/atlas/hook/hive’: No such file or directory
WARNING: Use "yarn jar" to launch YARN applications.
SLF4J: Class path contains multiple SLF4J bindings.
SLF4J: Found binding in [jar:file:/usr/sdp/3.5.4.1-1/hive/lib/log4j-slf4j-impl-2.17.1.jar!/org/slf4j/impl/StaticLoggerBinder.class]
SLF4J: Found binding in [jar:file:/usr/sdp/3.5.4.1-1/hadoop/lib/slf4j-log4j12-1.7.25.jar!/org/slf4j/impl/StaticLoggerBinder.class]
SLF4J: See http://www.slf4j.org/codes.html#multiple_bindings for an explanation.
SLF4J: Actual binding is of type [org.apache.logging.slf4j.Log4jLoggerFactory]
26/10/01 11:17:10 [main]: INFO jdbc.HiveConnection: Connected to omlt-abyss-sdp-datanode-03.opsmon.sbt:10000





 

find: ‘/opt/datainsight/atlas/hook/hive’: No such file or directory
WARNING: Use "yarn jar" to launch YARN applications.
SLF4J: Class path contains multiple SLF4J bindings.
SLF4J: Found binding in [jar:file:/usr/sdp/3.5.4.1-1/hive/lib/log4j-slf4j-impl-2.17.1.jar!/org/slf4j/impl/StaticLoggerBinder.class]
SLF4J: Found binding in [jar:file:/usr/sdp/3.5.4.1-1/hadoop/lib/slf4j-log4j12-1.7.25.jar!/org/slf4j/impl/StaticLoggerBinder.class]
SLF4J: See http://www.slf4j.org/codes.html#multiple_bindings for an explanation.
SLF4J: Actual binding is of type [org.apache.logging.slf4j.Log4jLoggerFactory]
26/10/01 11:17:35 [main]: INFO jdbc.HiveConnection: Connected to omlt-abyss-sdp-datanode-03.opsmon.sbt:10000





 

find: ‘/opt/datainsight/atlas/hook/hive’: No such file or directory
WARNING: Use "yarn jar" to launch YARN applications.
SLF4J: Class path contains multiple SLF4J bindings.
SLF4J: Found binding in [jar:file:/usr/sdp/3.5.4.1-1/hive/lib/log4j-slf4j-impl-2.17.1.jar!/org/slf4j/impl/StaticLoggerBinder.class]
SLF4J: Found binding in [jar:file:/usr/sdp/3.5.4.1-1/hadoop/lib/slf4j-log4j12-1.7.25.jar!/org/slf4j/impl/StaticLoggerBinder.class]
SLF4J: See http://www.slf4j.org/codes.html#multiple_bindings for an explanation.
SLF4J: Actual binding is of type [org.apache.logging.slf4j.Log4jLoggerFactory]
26/10/01 11:17:59 [main]: INFO jdbc.HiveConnection: Connected to omlt-abyss-sdp-datanode-03.opsmon.sbt:10000





 

find: ‘/opt/datainsight/atlas/hook/hive’: No such file or directory
WARNING: Use "yarn jar" to launch YARN applications.
SLF4J: Class path contains multiple SLF4J bindings.
SLF4J: Found binding in [jar:file:/usr/sdp/3.5.4.1-1/hive/lib/log4j-slf4j-impl-2.17.1.jar!/org/slf4j/impl/StaticLoggerBinder.class]
SLF4J: Found binding in [jar:file:/usr/sdp/3.5.4.1-1/hadoop/lib/slf4j-log4j12-1.7.25.jar!/org/slf4j/impl/StaticLoggerBinder.class]
SLF4J: See http://www.slf4j.org/codes.html#multiple_bindings for an explanation.
SLF4J: Actual binding is of type [org.apache.logging.slf4j.Log4jLoggerFactory]
26/10/01 11:18:22 [main]: INFO jdbc.HiveConnection: Connected to omlt-abyss-sdp-datanode-03.opsmon.sbt:10000





 

find: ‘/opt/datainsight/atlas/hook/hive’: No such file or directory
WARNING: Use "yarn jar" to launch YARN applications.
SLF4J: Class path contains multiple SLF4J bindings.
SLF4J: Found binding in [jar:file:/usr/sdp/3.5.4.1-1/hive/lib/log4j-slf4j-impl-2.17.1.jar!/org/slf4j/impl/StaticLoggerBinder.class]
SLF4J: Found binding in [jar:file:/usr/sdp/3.5.4.1-1/hadoop/lib/slf4j-log4j12-1.7.25.jar!/org/slf4j/impl/StaticLoggerBinder.class]
SLF4J: See http://www.slf4j.org/codes.html#multiple_bindings for an explanation.
SLF4J: Actual binding is of type [org.apache.logging.slf4j.Log4jLoggerFactory]
26/10/01 11:18:44 [main]: INFO jdbc.HiveConnection: Connected to omlt-abyss-sdp-datanode-03.opsmon.sbt:10000





 

find: ‘/opt/datainsight/atlas/hook/hive’: No such file or directory
WARNING: Use "yarn jar" to launch YARN applications.
SLF4J: Class path contains multiple SLF4J bindings.
SLF4J: Found binding in [jar:file:/usr/sdp/3.5.4.1-1/hive/lib/log4j-slf4j-impl-2.17.1.jar!/org/slf4j/impl/StaticLoggerBinder.class]
SLF4J: Found binding in [jar:file:/usr/sdp/3.5.4.1-1/hadoop/lib/slf4j-log4j12-1.7.25.jar!/org/slf4j/impl/StaticLoggerBinder.class]
SLF4J: See http://www.slf4j.org/codes.html#multiple_bindings for an explanation.
SLF4J: Actual binding is of type [org.apache.logging.slf4j.Log4jLoggerFactory]
26/10/01 11:19:06 [main]: INFO jdbc.HiveConnection: Connected to omlt-abyss-sdp-datanode-03.opsmon.sbt:10000





 

find: ‘/opt/datainsight/atlas/hook/hive’: No such file or directory
WARNING: Use "yarn jar" to launch YARN applications.
SLF4J: Class path contains multiple SLF4J bindings.
SLF4J: Found binding in [jar:file:/usr/sdp/3.5.4.1-1/hive/lib/log4j-slf4j-impl-2.17.1.jar!/org/slf4j/impl/StaticLoggerBinder.class]
SLF4J: Found binding in [jar:file:/usr/sdp/3.5.4.1-1/hadoop/lib/slf4j-log4j12-1.7.25.jar!/org/slf4j/impl/StaticLoggerBinder.class]
SLF4J: See http://www.slf4j.org/codes.html#multiple_bindings for an explanation.
SLF4J: Actual binding is of type [org.apache.logging.slf4j.Log4jLoggerFactory]
26/10/01 11:19:36 [main]: INFO jdbc.HiveConnection: Connected to omlt-abyss-sdp-datanode-03.opsmon.sbt:10000





 

Scenario epk_eq_14d
find: ‘/opt/datainsight/atlas/hook/hive’: No such file or directory
WARNING: Use "yarn jar" to launch YARN applications.
SLF4J: Class path contains multiple SLF4J bindings.
SLF4J: Found binding in [jar:file:/usr/sdp/3.5.4.1-1/hive/lib/log4j-slf4j-impl-2.17.1.jar!/org/slf4j/impl/StaticLoggerBinder.class]
SLF4J: Found binding in [jar:file:/usr/sdp/3.5.4.1-1/hadoop/lib/slf4j-log4j12-1.7.25.jar!/org/slf4j/impl/StaticLoggerBinder.class]
SLF4J: See http://www.slf4j.org/codes.html#multiple_bindings for an explanation.
SLF4J: Actual binding is of type [org.apache.logging.slf4j.Log4jLoggerFactory]
26/10/01 11:19:58 [main]: INFO jdbc.HiveConnection: Connected to omlt-abyss-sdp-datanode-03.opsmon.sbt:10000





 

find: ‘/opt/datainsight/atlas/hook/hive’: No such file or directory
WARNING: Use "yarn jar" to launch YARN applications.
SLF4J: Class path contains multiple SLF4J bindings.
SLF4J: Found binding in [jar:file:/usr/sdp/3.5.4.1-1/hive/lib/log4j-slf4j-impl-2.17.1.jar!/org/slf4j/impl/StaticLoggerBinder.class]
SLF4J: Found binding in [jar:file:/usr/sdp/3.5.4.1-1/hadoop/lib/slf4j-log4j12-1.7.25.jar!/org/slf4j/impl/StaticLoggerBinder.class]
SLF4J: See http://www.slf4j.org/codes.html#multiple_bindings for an explanation.
SLF4J: Actual binding is of type [org.apache.logging.slf4j.Log4jLoggerFactory]
26/10/01 11:20:21 [main]: INFO jdbc.HiveConnection: Connected to omlt-abyss-sdp-datanode-03.opsmon.sbt:10000





 

find: ‘/opt/datainsight/atlas/hook/hive’: No such file or directory
WARNING: Use "yarn jar" to launch YARN applications.
SLF4J: Class path contains multiple SLF4J bindings.
SLF4J: Found binding in [jar:file:/usr/sdp/3.5.4.1-1/hive/lib/log4j-slf4j-impl-2.17.1.jar!/org/slf4j/impl/StaticLoggerBinder.class]
SLF4J: Found binding in [jar:file:/usr/sdp/3.5.4.1-1/hadoop/lib/slf4j-log4j12-1.7.25.jar!/org/slf4j/impl/StaticLoggerBinder.class]
SLF4J: See http://www.slf4j.org/codes.html#multiple_bindings for an explanation.
SLF4J: Actual binding is of type [org.apache.logging.slf4j.Log4jLoggerFactory]
26/10/01 11:20:44 [main]: INFO jdbc.HiveConnection: Connected to omlt-abyss-sdp-datanode-03.opsmon.sbt:10000





 

find: ‘/opt/datainsight/atlas/hook/hive’: No such file or directory
WARNING: Use "yarn jar" to launch YARN applications.
SLF4J: Class path contains multiple SLF4J bindings.
SLF4J: Found binding in [jar:file:/usr/sdp/3.5.4.1-1/hive/lib/log4j-slf4j-impl-2.17.1.jar!/org/slf4j/impl/StaticLoggerBinder.class]
SLF4J: Found binding in [jar:file:/usr/sdp/3.5.4.1-1/hadoop/lib/slf4j-log4j12-1.7.25.jar!/org/slf4j/impl/StaticLoggerBinder.class]
SLF4J: See http://www.slf4j.org/codes.html#multiple_bindings for an explanation.
SLF4J: Actual binding is of type [org.apache.logging.slf4j.Log4jLoggerFactory]
26/10/01 11:21:06 [main]: INFO jdbc.HiveConnection: Connected to omlt-abyss-sdp-datanode-03.opsmon.sbt:10000





 

find: ‘/opt/datainsight/atlas/hook/hive’: No such file or directory
WARNING: Use "yarn jar" to launch YARN applications.
SLF4J: Class path contains multiple SLF4J bindings.
SLF4J: Found binding in [jar:file:/usr/sdp/3.5.4.1-1/hive/lib/log4j-slf4j-impl-2.17.1.jar!/org/slf4j/impl/StaticLoggerBinder.class]
SLF4J: Found binding in [jar:file:/usr/sdp/3.5.4.1-1/hadoop/lib/slf4j-log4j12-1.7.25.jar!/org/slf4j/impl/StaticLoggerBinder.class]
SLF4J: See http://www.slf4j.org/codes.html#multiple_bindings for an explanation.
SLF4J: Actual binding is of type [org.apache.logging.slf4j.Log4jLoggerFactory]
26/10/01 11:21:28 [main]: INFO jdbc.HiveConnection: Connected to omlt-abyss-sdp-datanode-03.opsmon.sbt:10000





 

find: ‘/opt/datainsight/atlas/hook/hive’: No such file or directory
WARNING: Use "yarn jar" to launch YARN applications.
SLF4J: Class path contains multiple SLF4J bindings.
SLF4J: Found binding in [jar:file:/usr/sdp/3.5.4.1-1/hive/lib/log4j-slf4j-impl-2.17.1.jar!/org/slf4j/impl/StaticLoggerBinder.class]
SLF4J: Found binding in [jar:file:/usr/sdp/3.5.4.1-1/hadoop/lib/slf4j-log4j12-1.7.25.jar!/org/slf4j/impl/StaticLoggerBinder.class]
SLF4J: See http://www.slf4j.org/codes.html#multiple_bindings for an explanation.
SLF4J: Actual binding is of type [org.apache.logging.slf4j.Log4jLoggerFactory]
26/10/01 11:21:49 [main]: INFO jdbc.HiveConnection: Connected to omlt-abyss-sdp-datanode-03.opsmon.sbt:10000





 

find: ‘/opt/datainsight/atlas/hook/hive’: No such file or directory
WARNING: Use "yarn jar" to launch YARN applications.
SLF4J: Class path contains multiple SLF4J bindings.
SLF4J: Found binding in [jar:file:/usr/sdp/3.5.4.1-1/hive/lib/log4j-slf4j-impl-2.17.1.jar!/org/slf4j/impl/StaticLoggerBinder.class]
SLF4J: Found binding in [jar:file:/usr/sdp/3.5.4.1-1/hadoop/lib/slf4j-log4j12-1.7.25.jar!/org/slf4j/impl/StaticLoggerBinder.class]
SLF4J: See http://www.slf4j.org/codes.html#multiple_bindings for an explanation.
SLF4J: Actual binding is of type [org.apache.logging.slf4j.Log4jLoggerFactory]
26/10/01 11:22:13 [main]: INFO jdbc.HiveConnection: Connected to omlt-abyss-sdp-datanode-03.opsmon.sbt:10000





 

Scenario epk_page
find: ‘/opt/datainsight/atlas/hook/hive’: No such file or directory
WARNING: Use "yarn jar" to launch YARN applications.
SLF4J: Class path contains multiple SLF4J bindings.
SLF4J: Found binding in [jar:file:/usr/sdp/3.5.4.1-1/hive/lib/log4j-slf4j-impl-2.17.1.jar!/org/slf4j/impl/StaticLoggerBinder.class]
SLF4J: Found binding in [jar:file:/usr/sdp/3.5.4.1-1/hadoop/lib/slf4j-log4j12-1.7.25.jar!/org/slf4j/impl/StaticLoggerBinder.class]
SLF4J: See http://www.slf4j.org/codes.html#multiple_bindings for an explanation.
SLF4J: Actual binding is of type [org.apache.logging.slf4j.Log4jLoggerFactory]
26/10/01 11:22:35 [main]: INFO jdbc.HiveConnection: Connected to omlt-abyss-sdp-datanode-03.opsmon.sbt:10000





 

find: ‘/opt/datainsight/atlas/hook/hive’: No such file or directory
WARNING: Use "yarn jar" to launch YARN applications.
SLF4J: Class path contains multiple SLF4J bindings.
SLF4J: Found binding in [jar:file:/usr/sdp/3.5.4.1-1/hive/lib/log4j-slf4j-impl-2.17.1.jar!/org/slf4j/impl/StaticLoggerBinder.class]
SLF4J: Found binding in [jar:file:/usr/sdp/3.5.4.1-1/hadoop/lib/slf4j-log4j12-1.7.25.jar!/org/slf4j/impl/StaticLoggerBinder.class]
SLF4J: See http://www.slf4j.org/codes.html#multiple_bindings for an explanation.
SLF4J: Actual binding is of type [org.apache.logging.slf4j.Log4jLoggerFactory]
26/10/01 11:22:58 [main]: INFO jdbc.HiveConnection: Connected to omlt-abyss-sdp-datanode-03.opsmon.sbt:10000





 

find: ‘/opt/datainsight/atlas/hook/hive’: No such file or directory
WARNING: Use "yarn jar" to launch YARN applications.
SLF4J: Class path contains multiple SLF4J bindings.
SLF4J: Found binding in [jar:file:/usr/sdp/3.5.4.1-1/hive/lib/log4j-slf4j-impl-2.17.1.jar!/org/slf4j/impl/StaticLoggerBinder.class]
SLF4J: Found binding in [jar:file:/usr/sdp/3.5.4.1-1/hadoop/lib/slf4j-log4j12-1.7.25.jar!/org/slf4j/impl/StaticLoggerBinder.class]
SLF4J: See http://www.slf4j.org/codes.html#multiple_bindings for an explanation.
SLF4J: Actual binding is of type [org.apache.logging.slf4j.Log4jLoggerFactory]
26/10/01 11:23:20 [main]: INFO jdbc.HiveConnection: Connected to omlt-abyss-sdp-datanode-03.opsmon.sbt:10000





 

find: ‘/opt/datainsight/atlas/hook/hive’: No such file or directory
WARNING: Use "yarn jar" to launch YARN applications.
SLF4J: Class path contains multiple SLF4J bindings.
SLF4J: Found binding in [jar:file:/usr/sdp/3.5.4.1-1/hive/lib/log4j-slf4j-impl-2.17.1.jar!/org/slf4j/impl/StaticLoggerBinder.class]
SLF4J: Found binding in [jar:file:/usr/sdp/3.5.4.1-1/hadoop/lib/slf4j-log4j12-1.7.25.jar!/org/slf4j/impl/StaticLoggerBinder.class]
SLF4J: See http://www.slf4j.org/codes.html#multiple_bindings for an explanation.
SLF4J: Actual binding is of type [org.apache.logging.slf4j.Log4jLoggerFactory]
26/10/01 11:23:43 [main]: INFO jdbc.HiveConnection: Connected to omlt-abyss-sdp-datanode-03.opsmon.sbt:10000





 

find: ‘/opt/datainsight/atlas/hook/hive’: No such file or directory
WARNING: Use "yarn jar" to launch YARN applications.
SLF4J: Class path contains multiple SLF4J bindings.
SLF4J: Found binding in [jar:file:/usr/sdp/3.5.4.1-1/hive/lib/log4j-slf4j-impl-2.17.1.jar!/org/slf4j/impl/StaticLoggerBinder.class]
SLF4J: Found binding in [jar:file:/usr/sdp/3.5.4.1-1/hadoop/lib/slf4j-log4j12-1.7.25.jar!/org/slf4j/impl/StaticLoggerBinder.class]
SLF4J: See http://www.slf4j.org/codes.html#multiple_bindings for an explanation.
SLF4J: Actual binding is of type [org.apache.logging.slf4j.Log4jLoggerFactory]
26/10/01 11:24:04 [main]: INFO jdbc.HiveConnection: Connected to omlt-abyss-sdp-datanode-03.opsmon.sbt:10000





 

find: ‘/opt/datainsight/atlas/hook/hive’: No such file or directory
WARNING: Use "yarn jar" to launch YARN applications.
SLF4J: Class path contains multiple SLF4J bindings.
SLF4J: Found binding in [jar:file:/usr/sdp/3.5.4.1-1/hive/lib/log4j-slf4j-impl-2.17.1.jar!/org/slf4j/impl/StaticLoggerBinder.class]
SLF4J: Found binding in [jar:file:/usr/sdp/3.5.4.1-1/hadoop/lib/slf4j-log4j12-1.7.25.jar!/org/slf4j/impl/StaticLoggerBinder.class]
SLF4J: See http://www.slf4j.org/codes.html#multiple_bindings for an explanation.
SLF4J: Actual binding is of type [org.apache.logging.slf4j.Log4jLoggerFactory]
26/10/01 11:24:27 [main]: INFO jdbc.HiveConnection: Connected to omlt-abyss-sdp-datanode-03.opsmon.sbt:10000





 

find: ‘/opt/datainsight/atlas/hook/hive’: No such file or directory
WARNING: Use "yarn jar" to launch YARN applications.
SLF4J: Class path contains multiple SLF4J bindings.
SLF4J: Found binding in [jar:file:/usr/sdp/3.5.4.1-1/hive/lib/log4j-slf4j-impl-2.17.1.jar!/org/slf4j/impl/StaticLoggerBinder.class]
SLF4J: Found binding in [jar:file:/usr/sdp/3.5.4.1-1/hadoop/lib/slf4j-log4j12-1.7.25.jar!/org/slf4j/impl/StaticLoggerBinder.class]
SLF4J: See http://www.slf4j.org/codes.html#multiple_bindings for an explanation.
SLF4J: Actual binding is of type [org.apache.logging.slf4j.Log4jLoggerFactory]
26/10/01 11:24:49 [main]: INFO jdbc.HiveConnection: Connected to omlt-abyss-sdp-datanode-03.opsmon.sbt:10000





 

Scenario eq_filters
find: ‘/opt/datainsight/atlas/hook/hive’: No such file or directory
WARNING: Use "yarn jar" to launch YARN applications.
SLF4J: Class path contains multiple SLF4J bindings.
SLF4J: Found binding in [jar:file:/usr/sdp/3.5.4.1-1/hive/lib/log4j-slf4j-impl-2.17.1.jar!/org/slf4j/impl/StaticLoggerBinder.class]
SLF4J: Found binding in [jar:file:/usr/sdp/3.5.4.1-1/hadoop/lib/slf4j-log4j12-1.7.25.jar!/org/slf4j/impl/StaticLoggerBinder.class]
SLF4J: See http://www.slf4j.org/codes.html#multiple_bindings for an explanation.
SLF4J: Actual binding is of type [org.apache.logging.slf4j.Log4jLoggerFactory]
26/10/01 11:25:12 [main]: INFO jdbc.HiveConnection: Connected to omlt-abyss-sdp-datanode-03.opsmon.sbt:10000





 

find: ‘/opt/datainsight/atlas/hook/hive’: No such file or directory
WARNING: Use "yarn jar" to launch YARN applications.
SLF4J: Class path contains multiple SLF4J bindings.
SLF4J: Found binding in [jar:file:/usr/sdp/3.5.4.1-1/hive/lib/log4j-slf4j-impl-2.17.1.jar!/org/slf4j/impl/StaticLoggerBinder.class]
SLF4J: Found binding in [jar:file:/usr/sdp/3.5.4.1-1/hadoop/lib/slf4j-log4j12-1.7.25.jar!/org/slf4j/impl/StaticLoggerBinder.class]
SLF4J: See http://www.slf4j.org/codes.html#multiple_bindings for an explanation.
SLF4J: Actual binding is of type [org.apache.logging.slf4j.Log4jLoggerFactory]
26/10/01 11:25:29 [main]: INFO jdbc.HiveConnection: Connected to omlt-abyss-sdp-datanode-03.opsmon.sbt:10000





 

find: ‘/opt/datainsight/atlas/hook/hive’: No such file or directory
WARNING: Use "yarn jar" to launch YARN applications.
SLF4J: Class path contains multiple SLF4J bindings.
SLF4J: Found binding in [jar:file:/usr/sdp/3.5.4.1-1/hive/lib/log4j-slf4j-impl-2.17.1.jar!/org/slf4j/impl/StaticLoggerBinder.class]
SLF4J: Found binding in [jar:file:/usr/sdp/3.5.4.1-1/hadoop/lib/slf4j-log4j12-1.7.25.jar!/org/slf4j/impl/StaticLoggerBinder.class]
SLF4J: See http://www.slf4j.org/codes.html#multiple_bindings for an explanation.
SLF4J: Actual binding is of type [org.apache.logging.slf4j.Log4jLoggerFactory]
26/10/01 11:25:45 [main]: INFO jdbc.HiveConnection: Connected to omlt-abyss-sdp-datanode-03.opsmon.sbt:10000





 

find: ‘/opt/datainsight/atlas/hook/hive’: No such file or directory
WARNING: Use "yarn jar" to launch YARN applications.
SLF4J: Class path contains multiple SLF4J bindings.
SLF4J: Found binding in [jar:file:/usr/sdp/3.5.4.1-1/hive/lib/log4j-slf4j-impl-2.17.1.jar!/org/slf4j/impl/StaticLoggerBinder.class]
SLF4J: Found binding in [jar:file:/usr/sdp/3.5.4.1-1/hadoop/lib/slf4j-log4j12-1.7.25.jar!/org/slf4j/impl/StaticLoggerBinder.class]
SLF4J: See http://www.slf4j.org/codes.html#multiple_bindings for an explanation.
SLF4J: Actual binding is of type [org.apache.logging.slf4j.Log4jLoggerFactory]
26/10/01 11:26:01 [main]: INFO jdbc.HiveConnection: Connected to omlt-abyss-sdp-datanode-03.opsmon.sbt:10000





 

find: ‘/opt/datainsight/atlas/hook/hive’: No such file or directory
WARNING: Use "yarn jar" to launch YARN applications.
SLF4J: Class path contains multiple SLF4J bindings.
SLF4J: Found binding in [jar:file:/usr/sdp/3.5.4.1-1/hive/lib/log4j-slf4j-impl-2.17.1.jar!/org/slf4j/impl/StaticLoggerBinder.class]
SLF4J: Found binding in [jar:file:/usr/sdp/3.5.4.1-1/hadoop/lib/slf4j-log4j12-1.7.25.jar!/org/slf4j/impl/StaticLoggerBinder.class]
SLF4J: See http://www.slf4j.org/codes.html#multiple_bindings for an explanation.
SLF4J: Actual binding is of type [org.apache.logging.slf4j.Log4jLoggerFactory]
26/10/01 11:26:18 [main]: INFO jdbc.HiveConnection: Connected to omlt-abyss-sdp-datanode-03.opsmon.sbt:10000





 

find: ‘/opt/datainsight/atlas/hook/hive’: No such file or directory
WARNING: Use "yarn jar" to launch YARN applications.
SLF4J: Class path contains multiple SLF4J bindings.
SLF4J: Found binding in [jar:file:/usr/sdp/3.5.4.1-1/hive/lib/log4j-slf4j-impl-2.17.1.jar!/org/slf4j/impl/StaticLoggerBinder.class]
SLF4J: Found binding in [jar:file:/usr/sdp/3.5.4.1-1/hadoop/lib/slf4j-log4j12-1.7.25.jar!/org/slf4j/impl/StaticLoggerBinder.class]
SLF4J: See http://www.slf4j.org/codes.html#multiple_bindings for an explanation.
SLF4J: Actual binding is of type [org.apache.logging.slf4j.Log4jLoggerFactory]
26/10/01 11:26:35 [main]: INFO jdbc.HiveConnection: Connected to omlt-abyss-sdp-datanode-03.opsmon.sbt:10000





 

find: ‘/opt/datainsight/atlas/hook/hive’: No such file or directory
WARNING: Use "yarn jar" to launch YARN applications.
SLF4J: Class path contains multiple SLF4J bindings.
SLF4J: Found binding in [jar:file:/usr/sdp/3.5.4.1-1/hive/lib/log4j-slf4j-impl-2.17.1.jar!/org/slf4j/impl/StaticLoggerBinder.class]
SLF4J: Found binding in [jar:file:/usr/sdp/3.5.4.1-1/hadoop/lib/slf4j-log4j12-1.7.25.jar!/org/slf4j/impl/StaticLoggerBinder.class]
SLF4J: See http://www.slf4j.org/codes.html#multiple_bindings for an explanation.
SLF4J: Actual binding is of type [org.apache.logging.slf4j.Log4jLoggerFactory]
26/10/01 11:26:51 [main]: INFO jdbc.HiveConnection: Connected to omlt-abyss-sdp-datanode-03.opsmon.sbt:10000





 

Scenario order_by_epk_day
find: ‘/opt/datainsight/atlas/hook/hive’: No such file or directory
WARNING: Use "yarn jar" to launch YARN applications.
SLF4J: Class path contains multiple SLF4J bindings.
SLF4J: Found binding in [jar:file:/usr/sdp/3.5.4.1-1/hive/lib/log4j-slf4j-impl-2.17.1.jar!/org/slf4j/impl/StaticLoggerBinder.class]
SLF4J: Found binding in [jar:file:/usr/sdp/3.5.4.1-1/hadoop/lib/slf4j-log4j12-1.7.25.jar!/org/slf4j/impl/StaticLoggerBinder.class]
SLF4J: See http://www.slf4j.org/codes.html#multiple_bindings for an explanation.
SLF4J: Actual binding is of type [org.apache.logging.slf4j.Log4jLoggerFactory]
26/10/01 11:27:08 [main]: INFO jdbc.HiveConnection: Connected to omlt-abyss-sdp-datanode-03.opsmon.sbt:10000







find: ‘/opt/datainsight/atlas/hook/hive’: No such file or directory
WARNING: Use "yarn jar" to launch YARN applications.
SLF4J: Class path contains multiple SLF4J bindings.
SLF4J: Found binding in [jar:file:/usr/sdp/3.5.4.1-1/hive/lib/log4j-slf4j-impl-2.17.1.jar!/org/slf4j/impl/StaticLoggerBinder.class]
SLF4J: Found binding in [jar:file:/usr/sdp/3.5.4.1-1/hadoop/lib/slf4j-log4j12-1.7.25.jar!/org/slf4j/impl/StaticLoggerBinder.class]
SLF4J: See http://www.slf4j.org/codes.html#multiple_bindings for an explanation.
SLF4J: Actual binding is of type [org.apache.logging.slf4j.Log4jLoggerFactory]
26/10/01 11:27:26 [main]: INFO jdbc.HiveConnection: Connected to omlt-abyss-sdp-datanode-03.opsmon.sbt:10000







find: ‘/opt/datainsight/atlas/hook/hive’: No such file or directory
WARNING: Use "yarn jar" to launch YARN applications.
SLF4J: Class path contains multiple SLF4J bindings.
SLF4J: Found binding in [jar:file:/usr/sdp/3.5.4.1-1/hive/lib/log4j-slf4j-impl-2.17.1.jar!/org/slf4j/impl/StaticLoggerBinder.class]
SLF4J: Found binding in [jar:file:/usr/sdp/3.5.4.1-1/hadoop/lib/slf4j-log4j12-1.7.25.jar!/org/slf4j/impl/StaticLoggerBinder.class]
SLF4J: See http://www.slf4j.org/codes.html#multiple_bindings for an explanation.
SLF4J: Actual binding is of type [org.apache.logging.slf4j.Log4jLoggerFactory]
26/10/01 11:27:42 [main]: INFO jdbc.HiveConnection: Connected to omlt-abyss-sdp-datanode-03.opsmon.sbt:10000







find: ‘/opt/datainsight/atlas/hook/hive’: No such file or directory
WARNING: Use "yarn jar" to launch YARN applications.
SLF4J: Class path contains multiple SLF4J bindings.
SLF4J: Found binding in [jar:file:/usr/sdp/3.5.4.1-1/hive/lib/log4j-slf4j-impl-2.17.1.jar!/org/slf4j/impl/StaticLoggerBinder.class]
SLF4J: Found binding in [jar:file:/usr/sdp/3.5.4.1-1/hadoop/lib/slf4j-log4j12-1.7.25.jar!/org/slf4j/impl/StaticLoggerBinder.class]
SLF4J: See http://www.slf4j.org/codes.html#multiple_bindings for an explanation.
SLF4J: Actual binding is of type [org.apache.logging.slf4j.Log4jLoggerFactory]
26/10/01 11:27:57 [main]: INFO jdbc.HiveConnection: Connected to omlt-abyss-sdp-datanode-03.opsmon.sbt:10000







find: ‘/opt/datainsight/atlas/hook/hive’: No such file or directory
WARNING: Use "yarn jar" to launch YARN applications.
SLF4J: Class path contains multiple SLF4J bindings.
SLF4J: Found binding in [jar:file:/usr/sdp/3.5.4.1-1/hive/lib/log4j-slf4j-impl-2.17.1.jar!/org/slf4j/impl/StaticLoggerBinder.class]
SLF4J: Found binding in [jar:file:/usr/sdp/3.5.4.1-1/hadoop/lib/slf4j-log4j12-1.7.25.jar!/org/slf4j/impl/StaticLoggerBinder.class]
SLF4J: See http://www.slf4j.org/codes.html#multiple_bindings for an explanation.
SLF4J: Actual binding is of type [org.apache.logging.slf4j.Log4jLoggerFactory]
26/10/01 11:28:14 [main]: INFO jdbc.HiveConnection: Connected to omlt-abyss-sdp-datanode-03.opsmon.sbt:10000







find: ‘/opt/datainsight/atlas/hook/hive’: No such file or directory
WARNING: Use "yarn jar" to launch YARN applications.
SLF4J: Class path contains multiple SLF4J bindings.
SLF4J: Found binding in [jar:file:/usr/sdp/3.5.4.1-1/hive/lib/log4j-slf4j-impl-2.17.1.jar!/org/slf4j/impl/StaticLoggerBinder.class]
SLF4J: Found binding in [jar:file:/usr/sdp/3.5.4.1-1/hadoop/lib/slf4j-log4j12-1.7.25.jar!/org/slf4j/impl/StaticLoggerBinder.class]
SLF4J: See http://www.slf4j.org/codes.html#multiple_bindings for an explanation.
SLF4J: Actual binding is of type [org.apache.logging.slf4j.Log4jLoggerFactory]
26/10/01 11:28:29 [main]: INFO jdbc.HiveConnection: Connected to omlt-abyss-sdp-datanode-03.opsmon.sbt:10000







find: ‘/opt/datainsight/atlas/hook/hive’: No such file or directory
WARNING: Use "yarn jar" to launch YARN applications.
SLF4J: Class path contains multiple SLF4J bindings.
SLF4J: Found binding in [jar:file:/usr/sdp/3.5.4.1-1/hive/lib/log4j-slf4j-impl-2.17.1.jar!/org/slf4j/impl/StaticLoggerBinder.class]
SLF4J: Found binding in [jar:file:/usr/sdp/3.5.4.1-1/hadoop/lib/slf4j-log4j12-1.7.25.jar!/org/slf4j/impl/StaticLoggerBinder.class]
SLF4J: See http://www.slf4j.org/codes.html#multiple_bindings for an explanation.
SLF4J: Actual binding is of type [org.apache.logging.slf4j.Log4jLoggerFactory]
26/10/01 11:28:45 [main]: INFO jdbc.HiveConnection: Connected to omlt-abyss-sdp-datanode-03.opsmon.sbt:10000







Hive timings written to /home/portos/orc_bench/result/hive/hive-best_orc-h0-20261001-111539.csv
Ingest into HDFS reports:
  /home/portos/orc_bench/scripts/hive/ingest-hive-csv.sh /home/portos/orc_bench/result/hive/hive-best_orc-h0-20261001-111539.csv hdfs:///orc_test/layouts/best_orc/reports/raw/benchmark_hive_h0
Hive ingest: csv=/home/portos/orc_bench/result/hive/hive-best_orc-h0-20261001-111539.csv → parquet=hdfs:///orc_test/layouts/best_orc/reports/raw/benchmark_hive_h0
Uploading local CSV /home/portos/orc_bench/result/hive/hive-best_orc-h0-20261001-111539.csv → hdfs:///orc_test/layouts/best_orc/reports/raw/benchmark_hive_h0/hive_results.csv
CSV ready on HDFS: hdfs:///orc_test/layouts/best_orc/reports/raw/benchmark_hive_h0/hive_results.csv (2.4 K)
26/10/01 11:29:09 INFO SparkContext: Running Spark version 3.2.1.3.5.4.1-1
26/10/01 11:29:09 INFO ResourceUtils: ==============================================================
26/10/01 11:29:09 INFO ResourceUtils: No custom resources configured for spark.driver.
26/10/01 11:29:09 INFO ResourceUtils: ==============================================================
26/10/01 11:29:09 INFO SparkContext: Submitted application: orc-bench-hive-ingest
26/10/01 11:29:09 INFO ResourceProfile: Default ResourceProfile created, executor resources: Map(cores -> name: cores, amount: 1, script: , vendor: , memory -> name: memory, amount: 2048, script: , vendor: , offHeap -> name: offHeap, amount: 0, script: , vendor: ), task resources: Map(cpus -> name: cpus, amount: 1.0)
26/10/01 11:29:09 INFO ResourceProfile: Limiting resource is cpus at 1 tasks per executor
26/10/01 11:29:09 INFO ResourceProfileManager: Added ResourceProfile id: 0
26/10/01 11:29:09 INFO SecurityManager: Changing view acls to: portos,pvm-omltp-sdp
26/10/01 11:29:09 INFO SecurityManager: Changing modify acls to: portos,pvm-omltp-sdp
26/10/01 11:29:09 INFO SecurityManager: Changing view acls groups to: 
26/10/01 11:29:09 INFO SecurityManager: Changing modify acls groups to: 
26/10/01 11:29:09 INFO SecurityManager: SecurityManager: authentication disabled; ui acls enabled; users  with view permissions: Set(portos, pvm-omltp-sdp); groups with view permissions: Set(); users  with modify permissions: Set(portos, pvm-omltp-sdp); groups with modify permissions: Set()
26/10/01 11:29:09 INFO Utils: Successfully started service 'sparkDriver' on port 45398.
26/10/01 11:29:09 INFO SparkEnv: Registering MapOutputTracker
26/10/01 11:29:09 INFO SparkEnv: Registering BlockManagerMaster
26/10/01 11:29:09 INFO BlockManagerMasterEndpoint: Using org.apache.spark.storage.DefaultTopologyMapper for getting topology information
26/10/01 11:29:09 INFO BlockManagerMasterEndpoint: BlockManagerMasterEndpoint up
26/10/01 11:29:09 INFO SparkEnv: Registering BlockManagerMasterHeartbeat
26/10/01 11:29:09 INFO DiskBlockManager: Created local directory at /tmp/blockmgr-33ec91ce-6810-4450-9c8f-ff4f55c65ee8
26/10/01 11:29:09 INFO MemoryStore: MemoryStore started with capacity 912.3 MiB
26/10/01 11:29:09 INFO SparkEnv: Registering OutputCommitCoordinator
26/10/01 11:29:10 INFO HadoopDelegationTokenManager: Attempting to load user's ticket cache.
26/10/01 11:29:10 INFO HadoopFSDelegationTokenProvider: getting token for: DFS[DFSClient[clientName=DFSClient_NONMAPREDUCE_-1117068430_26, ugi=pvm-omltp-sdp@OPSMON.SBT (auth:KERBEROS)]] with renewer rm/omlt-abyss-sdp-namenode-02.opsmon.sbt@OPSMON.SBT
26/10/01 11:29:10 INFO DFSClient: Created token for pvm-omltp-sdp: HDFS_DELEGATION_TOKEN owner=pvm-omltp-sdp@OPSMON.SBT, renewer=yarn, realUser=, issueDate=1790843350837, maxDate=1791448150837, sequenceNumber=190316, masterKeyId=1140 on ha-hdfs:sdp-dzo-lt-omlt
26/10/01 11:29:10 INFO HadoopFSDelegationTokenProvider: getting token for: DFS[DFSClient[clientName=DFSClient_NONMAPREDUCE_-1117068430_26, ugi=pvm-omltp-sdp@OPSMON.SBT (auth:KERBEROS)]] with renewer pvm-omltp-sdp@OPSMON.SBT
26/10/01 11:29:10 INFO DFSClient: Created token for pvm-omltp-sdp: HDFS_DELEGATION_TOKEN owner=pvm-omltp-sdp@OPSMON.SBT, renewer=pvm-omltp-sdp, realUser=, issueDate=1790843350873, maxDate=1791448150873, sequenceNumber=190317, masterKeyId=1140 on ha-hdfs:sdp-dzo-lt-omlt
26/10/01 11:29:10 INFO HadoopFSDelegationTokenProvider: Renewal interval is 86400055 for token HDFS_DELEGATION_TOKEN
26/10/01 11:29:10 INFO HadoopDelegationTokenManager: Calculated delay on renewal is 64799966, based on next renewal 1790929750892 and the ratio 0.75, and current time 1790843350937
26/10/01 11:29:10 INFO HadoopDelegationTokenManager: Scheduling renewal in 18.0 h.
26/10/01 11:29:10 INFO HadoopDelegationTokenManager: Updating delegation tokens.
26/10/01 11:29:10 INFO SparkHadoopUtil: Updating delegation tokens for current user.
26/10/01 11:29:10 INFO SparkHadoopUtil: Updating delegation tokens for current user.
26/10/01 11:29:11 INFO ConfiguredRMFailoverProxyProvider: Failing over to rm2
26/10/01 11:29:11 INFO Client: Requesting a new application from cluster with 6 NodeManagers
26/10/01 11:29:11 INFO Configuration: found resource resource-types.xml at file:/etc/hadoop/3.5.4.1-1/0/resource-types.xml
26/10/01 11:29:11 INFO Client: Verifying our application has not requested more than the maximum memory capability of the cluster (46080 MB per container)
26/10/01 11:29:11 INFO Client: Will allocate AM container, with 896 MB memory including 384 MB overhead
26/10/01 11:29:11 INFO Client: Setting up container launch context for our AM
26/10/01 11:29:11 INFO Client: Setting up the launch environment for our AM container
26/10/01 11:29:11 INFO Client: Preparing resources for our AM container
26/10/01 11:29:11 WARN Client: Exception encountered while connecting to the server 
org.apache.hadoop.ipc.RemoteException(org.apache.hadoop.ipc.StandbyException): Operation category READ is not supported in state standby. Visit https://s.apache.org/sbnn-error
	at org.apache.hadoop.security.SaslRpcClient.saslConnect(SaslRpcClient.java:376)
	at org.apache.hadoop.ipc.Client$Connection.setupSaslConnection(Client.java:623)
	at org.apache.hadoop.ipc.Client$Connection.access$2300(Client.java:414)
	at org.apache.hadoop.ipc.Client$Connection$2.run(Client.java:832)
	at org.apache.hadoop.ipc.Client$Connection$2.run(Client.java:828)
	at java.security.AccessController.doPrivileged(Native Method)
	at javax.security.auth.Subject.doAs(Subject.java:422)
	at org.apache.hadoop.security.UserGroupInformation.doAs(UserGroupInformation.java:1878)
	at org.apache.hadoop.ipc.Client$Connection.setupIOstreams(Client.java:828)
	at org.apache.hadoop.ipc.Client$Connection.access$3800(Client.java:414)
	at org.apache.hadoop.ipc.Client.getConnection(Client.java:1647)
	at org.apache.hadoop.ipc.Client.call(Client.java:1463)
	at org.apache.hadoop.ipc.Client.call(Client.java:1416)
	at org.apache.hadoop.ipc.ProtobufRpcEngine2$Invoker.invoke(ProtobufRpcEngine2.java:242)
	at org.apache.hadoop.ipc.ProtobufRpcEngine2$Invoker.invoke(ProtobufRpcEngine2.java:129)
	at com.sun.proxy.$Proxy14.mkdirs(Unknown Source)
	at org.apache.hadoop.hdfs.protocolPB.ClientNamenodeProtocolTranslatorPB.mkdirs(ClientNamenodeProtocolTranslatorPB.java:674)
	at sun.reflect.NativeMethodAccessorImpl.invoke0(Native Method)
	at sun.reflect.NativeMethodAccessorImpl.invoke(NativeMethodAccessorImpl.java:62)
	at sun.reflect.DelegatingMethodAccessorImpl.invoke(DelegatingMethodAccessorImpl.java:43)
	at java.lang.reflect.Method.invoke(Method.java:498)
	at org.apache.hadoop.io.retry.RetryInvocationHandler.invokeMethod(RetryInvocationHandler.java:422)
	at org.apache.hadoop.io.retry.RetryInvocationHandler$Call.invokeMethod(RetryInvocationHandler.java:165)
	at org.apache.hadoop.io.retry.RetryInvocationHandler$Call.invoke(RetryInvocationHandler.java:157)
	at org.apache.hadoop.io.retry.RetryInvocationHandler$Call.invokeOnce(RetryInvocationHandler.java:95)
	at org.apache.hadoop.io.retry.RetryInvocationHandler.invoke(RetryInvocationHandler.java:359)
	at com.sun.proxy.$Proxy15.mkdirs(Unknown Source)
	at org.apache.hadoop.hdfs.DFSClient.primitiveMkdir(DFSClient.java:2499)
	at org.apache.hadoop.hdfs.DFSClient.mkdirs(DFSClient.java:2475)
	at org.apache.hadoop.hdfs.DistributedFileSystem$27.doCall(DistributedFileSystem.java:1484)
	at org.apache.hadoop.hdfs.DistributedFileSystem$27.doCall(DistributedFileSystem.java:1481)
	at org.apache.hadoop.fs.FileSystemLinkResolver.resolve(FileSystemLinkResolver.java:81)
	at org.apache.hadoop.hdfs.DistributedFileSystem.mkdirsInternal(DistributedFileSystem.java:1498)
	at org.apache.hadoop.hdfs.DistributedFileSystem.mkdirs(DistributedFileSystem.java:1473)
	at org.apache.hadoop.fs.FileSystem.mkdirs(FileSystem.java:2388)
	at org.apache.hadoop.fs.FileSystem.mkdirs(FileSystem.java:750)
	at org.apache.spark.deploy.yarn.Client.prepareLocalResources(Client.scala:459)
	at org.apache.spark.deploy.yarn.Client.createContainerLaunchContext(Client.scala:934)
	at org.apache.spark.deploy.yarn.Client.submitApplication(Client.scala:208)
	at org.apache.spark.scheduler.cluster.YarnClientSchedulerBackend.start(YarnClientSchedulerBackend.scala:62)
	at org.apache.spark.scheduler.TaskSchedulerImpl.start(TaskSchedulerImpl.scala:220)
	at org.apache.spark.SparkContext.<init>(SparkContext.scala:581)
	at org.apache.spark.api.java.JavaSparkContext.<init>(JavaSparkContext.scala:58)
	at sun.reflect.NativeConstructorAccessorImpl.newInstance0(Native Method)
	at sun.reflect.NativeConstructorAccessorImpl.newInstance(NativeConstructorAccessorImpl.java:62)
	at sun.reflect.DelegatingConstructorAccessorImpl.newInstance(DelegatingConstructorAccessorImpl.java:45)
	at java.lang.reflect.Constructor.newInstance(Constructor.java:423)
	at py4j.reflection.MethodInvoker.invoke(MethodInvoker.java:247)
	at py4j.reflection.ReflectionEngine.invoke(ReflectionEngine.java:357)
	at py4j.Gateway.invoke(Gateway.java:238)
	at py4j.commands.ConstructorCommand.invokeConstructor(ConstructorCommand.java:80)
	at py4j.commands.ConstructorCommand.execute(ConstructorCommand.java:69)
	at py4j.GatewayConnection.run(GatewayConnection.java:238)
	at java.lang.Thread.run(Thread.java:748)
26/10/01 11:29:11 WARN Client: Neither spark.yarn.jars nor spark.yarn.archive is set, falling back to uploading libraries under SPARK_HOME.
26/10/01 11:29:15 INFO Client: Uploading resource file:/tmp/spark-38e37d94-2874-46aa-8c50-63f44d2519cb/__spark_libs__5738534007045300971.zip -> hdfs://sdp-dzo-lt-omlt/user/pvm-omltp-sdp/.sparkStaging/application_1790656441704_0161/__spark_libs__5738534007045300971.zip
26/10/01 11:29:16 WARN Client: Exception encountered while connecting to the server 
org.apache.hadoop.ipc.RemoteException(org.apache.hadoop.ipc.StandbyException): Operation category READ is not supported in state standby. Visit https://s.apache.org/sbnn-error
	at org.apache.hadoop.security.SaslRpcClient.saslConnect(SaslRpcClient.java:376)
	at org.apache.hadoop.ipc.Client$Connection.setupSaslConnection(Client.java:623)
	at org.apache.hadoop.ipc.Client$Connection.access$2300(Client.java:414)
	at org.apache.hadoop.ipc.Client$Connection$2.run(Client.java:832)
	at org.apache.hadoop.ipc.Client$Connection$2.run(Client.java:828)
	at java.security.AccessController.doPrivileged(Native Method)
	at javax.security.auth.Subject.doAs(Subject.java:422)
	at org.apache.hadoop.security.UserGroupInformation.doAs(UserGroupInformation.java:1878)
	at org.apache.hadoop.ipc.Client$Connection.setupIOstreams(Client.java:828)
	at org.apache.hadoop.ipc.Client$Connection.access$3800(Client.java:414)
	at org.apache.hadoop.ipc.Client.getConnection(Client.java:1647)
	at org.apache.hadoop.ipc.Client.call(Client.java:1463)
	at org.apache.hadoop.ipc.Client.call(Client.java:1416)
	at org.apache.hadoop.ipc.ProtobufRpcEngine2$Invoker.invoke(ProtobufRpcEngine2.java:242)
	at org.apache.hadoop.ipc.ProtobufRpcEngine2$Invoker.invoke(ProtobufRpcEngine2.java:129)
	at com.sun.proxy.$Proxy14.getFileInfo(Unknown Source)
	at org.apache.hadoop.hdfs.protocolPB.ClientNamenodeProtocolTranslatorPB.getFileInfo(ClientNamenodeProtocolTranslatorPB.java:965)
	at sun.reflect.NativeMethodAccessorImpl.invoke0(Native Method)
	at sun.reflect.NativeMethodAccessorImpl.invoke(NativeMethodAccessorImpl.java:62)
	at sun.reflect.DelegatingMethodAccessorImpl.invoke(DelegatingMethodAccessorImpl.java:43)
	at java.lang.reflect.Method.invoke(Method.java:498)
	at org.apache.hadoop.io.retry.RetryInvocationHandler.invokeMethod(RetryInvocationHandler.java:422)
	at org.apache.hadoop.io.retry.RetryInvocationHandler$Call.invokeMethod(RetryInvocationHandler.java:165)
	at org.apache.hadoop.io.retry.RetryInvocationHandler$Call.invoke(RetryInvocationHandler.java:157)
	at org.apache.hadoop.io.retry.RetryInvocationHandler$Call.invokeOnce(RetryInvocationHandler.java:95)
	at org.apache.hadoop.io.retry.RetryInvocationHandler.invoke(RetryInvocationHandler.java:359)
	at com.sun.proxy.$Proxy15.getFileInfo(Unknown Source)
	at org.apache.hadoop.hdfs.DFSClient.getFileInfo(DFSClient.java:1731)
	at org.apache.hadoop.fs.Hdfs.getFileStatus(Hdfs.java:149)
	at org.apache.hadoop.fs.AbstractFileSystem.resolvePath(AbstractFileSystem.java:509)
	at org.apache.hadoop.fs.FileContext$25.next(FileContext.java:2305)
	at org.apache.hadoop.fs.FileContext$25.next(FileContext.java:2301)
	at org.apache.hadoop.fs.FSLinkResolver.resolve(FSLinkResolver.java:90)
	at org.apache.hadoop.fs.FileContext.resolve(FileContext.java:2307)
	at org.apache.hadoop.fs.FileContext.resolvePath(FileContext.java:616)
	at org.apache.spark.deploy.yarn.Client.$anonfun$copyFileToRemote$4(Client.scala:428)
	at scala.collection.mutable.HashMap.getOrElseUpdate(HashMap.scala:86)
	at org.apache.spark.deploy.yarn.Client.copyFileToRemote(Client.scala:426)
	at org.apache.spark.deploy.yarn.Client.distribute$1(Client.scala:508)
	at org.apache.spark.deploy.yarn.Client.prepareLocalResources(Client.scala:625)
	at org.apache.spark.deploy.yarn.Client.createContainerLaunchContext(Client.scala:934)
	at org.apache.spark.deploy.yarn.Client.submitApplication(Client.scala:208)
	at org.apache.spark.scheduler.cluster.YarnClientSchedulerBackend.start(YarnClientSchedulerBackend.scala:62)
	at org.apache.spark.scheduler.TaskSchedulerImpl.start(TaskSchedulerImpl.scala:220)
	at org.apache.spark.SparkContext.<init>(SparkContext.scala:581)
	at org.apache.spark.api.java.JavaSparkContext.<init>(JavaSparkContext.scala:58)
	at sun.reflect.NativeConstructorAccessorImpl.newInstance0(Native Method)
	at sun.reflect.NativeConstructorAccessorImpl.newInstance(NativeConstructorAccessorImpl.java:62)
	at sun.reflect.DelegatingConstructorAccessorImpl.newInstance(DelegatingConstructorAccessorImpl.java:45)
	at java.lang.reflect.Constructor.newInstance(Constructor.java:423)
	at py4j.reflection.MethodInvoker.invoke(MethodInvoker.java:247)
	at py4j.reflection.ReflectionEngine.invoke(ReflectionEngine.java:357)
	at py4j.Gateway.invoke(Gateway.java:238)
	at py4j.commands.ConstructorCommand.invokeConstructor(ConstructorCommand.java:80)
	at py4j.commands.ConstructorCommand.execute(ConstructorCommand.java:69)
	at py4j.GatewayConnection.run(GatewayConnection.java:238)
	at java.lang.Thread.run(Thread.java:748)
26/10/01 11:29:16 INFO Client: Uploading resource file:/usr/sdp/3.5.4.1-1/spark3/python/lib/pyspark.zip -> hdfs://sdp-dzo-lt-omlt/user/pvm-omltp-sdp/.sparkStaging/application_1790656441704_0161/pyspark.zip
26/10/01 11:29:16 INFO Client: Uploading resource file:/usr/sdp/3.5.4.1-1/spark3/python/lib/py4j-0.10.9.3-src.zip -> hdfs://sdp-dzo-lt-omlt/user/pvm-omltp-sdp/.sparkStaging/application_1790656441704_0161/py4j-0.10.9.3-src.zip
26/10/01 11:29:17 INFO Client: Uploading resource file:/tmp/spark-38e37d94-2874-46aa-8c50-63f44d2519cb/__spark_conf__2732324191059825055.zip -> hdfs://sdp-dzo-lt-omlt/user/pvm-omltp-sdp/.sparkStaging/application_1790656441704_0161/__spark_conf__.zip
26/10/01 11:29:17 INFO SecurityManager: Changing view acls to: portos,pvm-omltp-sdp
26/10/01 11:29:17 INFO SecurityManager: Changing modify acls to: portos,pvm-omltp-sdp
26/10/01 11:29:17 INFO SecurityManager: Changing view acls groups to: 
26/10/01 11:29:17 INFO SecurityManager: Changing modify acls groups to: 
26/10/01 11:29:17 INFO SecurityManager: SecurityManager: authentication disabled; ui acls enabled; users  with view permissions: Set(portos, pvm-omltp-sdp); groups with view permissions: Set(); users  with modify permissions: Set(portos, pvm-omltp-sdp); groups with modify permissions: Set()
26/10/01 11:29:17 INFO Client: Submitting application application_1790656441704_0161 to ResourceManager
26/10/01 11:29:17 INFO YarnClientImpl: Submitted application application_1790656441704_0161
26/10/01 11:29:18 INFO Client: Application report for application_1790656441704_0161 (state: ACCEPTED)
26/10/01 11:29:18 INFO Client: 
	 client token: Token { kind: YARN_CLIENT_TOKEN, service:  }
	 diagnostics: AM container is launched, waiting for AM container to Register with RM
	 ApplicationMaster host: N/A
	 ApplicationMaster RPC port: -1
	 queue: default
	 start time: 1790843357127
	 final status: UNDEFINED
	 tracking URL: https://omlt-abyss-sdp-namenode-01.opsmon.sbt:8090/proxy/application_1790656441704_0161/
	 user: pvm-omltp-sdp
26/10/01 11:29:19 INFO Client: Application report for application_1790656441704_0161 (state: ACCEPTED)
26/10/01 11:29:20 INFO Client: Application report for application_1790656441704_0161 (state: ACCEPTED)
26/10/01 11:29:21 INFO Client: Application report for application_1790656441704_0161 (state: ACCEPTED)
26/10/01 11:29:22 INFO Client: Application report for application_1790656441704_0161 (state: ACCEPTED)
26/10/01 11:29:23 INFO Client: Application report for application_1790656441704_0161 (state: ACCEPTED)
26/10/01 11:29:24 INFO Client: Application report for application_1790656441704_0161 (state: ACCEPTED)
26/10/01 11:29:25 INFO Client: Application report for application_1790656441704_0161 (state: RUNNING)
26/10/01 11:29:25 INFO Client: 
	 client token: Token { kind: YARN_CLIENT_TOKEN, service:  }
	 diagnostics: N/A
	 ApplicationMaster host: 10.21.68.48
	 ApplicationMaster RPC port: -1
	 queue: default
	 start time: 1790843357127
	 final status: UNDEFINED
	 tracking URL: https://omlt-abyss-sdp-namenode-01.opsmon.sbt:8090/proxy/application_1790656441704_0161/
	 user: pvm-omltp-sdp
26/10/01 11:29:25 INFO YarnClientSchedulerBackend: Application application_1790656441704_0161 has started running.
26/10/01 11:29:25 INFO Utils: Successfully started service 'org.apache.spark.network.netty.NettyBlockTransferService' on port 35400.
26/10/01 11:29:25 INFO NettyBlockTransferService: Server created on omlt-abyss-sdp-namenode-01.opsmon.sbt:35400
26/10/01 11:29:25 INFO BlockManager: Using org.apache.spark.storage.RandomBlockReplicationPolicy for block replication policy
26/10/01 11:29:25 INFO BlockManagerMaster: Registering BlockManager BlockManagerId(driver, omlt-abyss-sdp-namenode-01.opsmon.sbt, 35400, None)
26/10/01 11:29:25 INFO BlockManagerMasterEndpoint: Registering block manager omlt-abyss-sdp-namenode-01.opsmon.sbt:35400 with 912.3 MiB RAM, BlockManagerId(driver, omlt-abyss-sdp-namenode-01.opsmon.sbt, 35400, None)
26/10/01 11:29:25 INFO BlockManagerMaster: Registered BlockManager BlockManagerId(driver, omlt-abyss-sdp-namenode-01.opsmon.sbt, 35400, None)
26/10/01 11:29:25 INFO BlockManager: Initialized BlockManager: BlockManagerId(driver, omlt-abyss-sdp-namenode-01.opsmon.sbt, 35400, None)
26/10/01 11:29:25 INFO YarnClientSchedulerBackend: Add WebUI Filter. org.apache.hadoop.yarn.server.webproxy.amfilter.AmIpFilter, Map(PROXY_HOSTS -> omlt-abyss-sdp-namenode-02.opsmon.sbt,omlt-abyss-sdp-namenode-01.opsmon.sbt, PROXY_URI_BASES -> https://omlt-abyss-sdp-namenode-02.opsmon.sbt:8090/proxy/application_1790656441704_0161,https://omlt-abyss-sdp-namenode-01.opsmon.sbt:8090/proxy/application_1790656441704_0161, RM_HA_URLS -> omlt-abyss-sdp-namenode-02.opsmon.sbt:8090,omlt-abyss-sdp-namenode-01.opsmon.sbt:8090), /proxy/application_1790656441704_0161
26/10/01 11:29:25 INFO log: Logging initialized @18808ms to org.sparkproject.jetty.util.log.Slf4jLog
26/10/01 11:29:25 INFO SingleEventLogFileWriter: Logging events to hdfs:/spark3-history/application_1790656441704_0161.inprogress
26/10/01 11:29:26 INFO YarnSchedulerBackend$YarnSchedulerEndpoint: ApplicationMaster registered as NettyRpcEndpointRef(spark-client://YarnAM)
26/10/01 11:29:29 INFO YarnSchedulerBackend$YarnDriverEndpoint: Registered executor NettyRpcEndpointRef(spark-client://Executor) (10.21.68.48:58476) with ID 2,  ResourceProfileId 0
26/10/01 11:29:29 INFO BlockManagerMasterEndpoint: Registering block manager omlt-abyss-sdp-datanode-06.opsmon.sbt:38254 with 912.3 MiB RAM, BlockManagerId(2, omlt-abyss-sdp-datanode-06.opsmon.sbt, 38254, None)
26/10/01 11:29:35 INFO YarnSchedulerBackend$YarnDriverEndpoint: Registered executor NettyRpcEndpointRef(spark-client://Executor) (10.21.68.44:39528) with ID 1,  ResourceProfileId 0
26/10/01 11:29:35 INFO YarnClientSchedulerBackend: SchedulerBackend is ready for scheduling beginning after reached minRegisteredResourcesRatio: 0.8
/usr/sdp/current/spark3-client/python/lib/pyspark.zip/pyspark/context.py:238: FutureWarning: Python 3.6 support is deprecated in Spark 3.2.
  FutureWarning
26/10/01 11:29:36 INFO BlockManagerMasterEndpoint: Registering block manager omlt-abyss-sdp-datanode-02.opsmon.sbt:40121 with 912.3 MiB RAM, BlockManagerId(1, omlt-abyss-sdp-datanode-02.opsmon.sbt, 40121, None)
26/10/01 11:29:36 INFO SharedState: Setting hive.metastore.warehouse.dir ('null') to the value of spark.sql.warehouse.dir.
26/10/01 11:29:36 INFO SharedState: Warehouse path is 'hdfs://sdp-dzo-lt-omlt/apps/spark/warehouse'.
26/10/01 11:29:37 INFO InMemoryFileIndex: It took 60 ms to list leaf files for 1 paths.
26/10/01 11:29:37 INFO InMemoryFileIndex: It took 9 ms to list leaf files for 1 paths.
26/10/01 11:29:40 INFO FileSourceStrategy: Pushed Filters: 
26/10/01 11:29:40 INFO FileSourceStrategy: Post-Scan Filters: (length(trim(value#0, None)) > 0)
26/10/01 11:29:40 INFO FileSourceStrategy: Output Data Schema: struct<value: string>
26/10/01 11:29:41 INFO CodeGenerator: Code generated in 256.609611 ms
26/10/01 11:29:41 INFO MemoryStore: Block broadcast_0 stored as values in memory (estimated size 506.3 KiB, free 911.8 MiB)
26/10/01 11:29:41 INFO MemoryStore: Block broadcast_0_piece0 stored as bytes in memory (estimated size 53.1 KiB, free 911.8 MiB)
26/10/01 11:29:41 INFO BlockManagerInfo: Added broadcast_0_piece0 in memory on omlt-abyss-sdp-namenode-01.opsmon.sbt:35400 (size: 53.1 KiB, free: 912.2 MiB)
26/10/01 11:29:41 INFO SparkContext: Created broadcast 0 from csv at NativeMethodAccessorImpl.java:0
26/10/01 11:29:41 INFO FileSourceScanExec: Planning scan with bin packing, max size: 4194304 bytes, open cost is considered as scanning 4194304 bytes.
26/10/01 11:29:41 INFO SparkContext: Starting job: csv at NativeMethodAccessorImpl.java:0
26/10/01 11:29:41 INFO DAGScheduler: Got job 0 (csv at NativeMethodAccessorImpl.java:0) with 1 output partitions
26/10/01 11:29:41 INFO DAGScheduler: Final stage: ResultStage 0 (csv at NativeMethodAccessorImpl.java:0)
26/10/01 11:29:41 INFO DAGScheduler: Parents of final stage: List()
26/10/01 11:29:41 INFO DAGScheduler: Missing parents: List()
26/10/01 11:29:41 INFO DAGScheduler: Submitting ResultStage 0 (MapPartitionsRDD[3] at csv at NativeMethodAccessorImpl.java:0), which has no missing parents
26/10/01 11:29:41 INFO MemoryStore: Block broadcast_1 stored as values in memory (estimated size 11.7 KiB, free 911.7 MiB)
26/10/01 11:29:41 INFO MemoryStore: Block broadcast_1_piece0 stored as bytes in memory (estimated size 5.8 KiB, free 911.7 MiB)
26/10/01 11:29:41 INFO BlockManagerInfo: Added broadcast_1_piece0 in memory on omlt-abyss-sdp-namenode-01.opsmon.sbt:35400 (size: 5.8 KiB, free: 912.2 MiB)
26/10/01 11:29:41 INFO SparkContext: Created broadcast 1 from broadcast at DAGScheduler.scala:1478
26/10/01 11:29:41 INFO DAGScheduler: Submitting 1 missing tasks from ResultStage 0 (MapPartitionsRDD[3] at csv at NativeMethodAccessorImpl.java:0) (first 15 tasks are for partitions Vector(0))
26/10/01 11:29:41 INFO YarnScheduler: Adding task set 0.0 with 1 tasks resource profile 0
26/10/01 11:29:41 INFO TaskSetManager: Starting task 0.0 in stage 0.0 (TID 0) (omlt-abyss-sdp-datanode-02.opsmon.sbt, executor 1, partition 0, RACK_LOCAL, 4931 bytes) taskResourceAssignments Map()
26/10/01 11:29:41 INFO BlockManagerInfo: Added broadcast_1_piece0 in memory on omlt-abyss-sdp-datanode-02.opsmon.sbt:40121 (size: 5.8 KiB, free: 912.3 MiB)
26/10/01 11:29:43 INFO BlockManagerInfo: Added broadcast_0_piece0 in memory on omlt-abyss-sdp-datanode-02.opsmon.sbt:40121 (size: 53.1 KiB, free: 912.2 MiB)
26/10/01 11:29:44 INFO TaskSetManager: Finished task 0.0 in stage 0.0 (TID 0) in 2361 ms on omlt-abyss-sdp-datanode-02.opsmon.sbt (executor 1) (1/1)
26/10/01 11:29:44 INFO YarnScheduler: Removed TaskSet 0.0, whose tasks have all completed, from pool 
26/10/01 11:29:44 INFO DAGScheduler: ResultStage 0 (csv at NativeMethodAccessorImpl.java:0) finished in 2.532 s
26/10/01 11:29:44 INFO DAGScheduler: Job 0 is finished. Cancelling potential speculative or zombie tasks for this job
26/10/01 11:29:44 INFO YarnScheduler: Killing all running tasks in stage 0: Stage finished
26/10/01 11:29:44 INFO DAGScheduler: Job 0 finished: csv at NativeMethodAccessorImpl.java:0, took 2.585382 s
26/10/01 11:29:44 INFO CodeGenerator: Code generated in 19.697716 ms
26/10/01 11:29:44 INFO FileSourceStrategy: Pushed Filters: 
26/10/01 11:29:44 INFO FileSourceStrategy: Post-Scan Filters: 
26/10/01 11:29:44 INFO FileSourceStrategy: Output Data Schema: struct<value: string>
26/10/01 11:29:44 INFO MemoryStore: Block broadcast_2 stored as values in memory (estimated size 506.3 KiB, free 911.2 MiB)
26/10/01 11:29:44 INFO MemoryStore: Block broadcast_2_piece0 stored as bytes in memory (estimated size 53.1 KiB, free 911.2 MiB)
26/10/01 11:29:44 INFO BlockManagerInfo: Added broadcast_2_piece0 in memory on omlt-abyss-sdp-namenode-01.opsmon.sbt:35400 (size: 53.1 KiB, free: 912.2 MiB)
26/10/01 11:29:44 INFO SparkContext: Created broadcast 2 from csv at NativeMethodAccessorImpl.java:0
26/10/01 11:29:44 INFO FileSourceScanExec: Planning scan with bin packing, max size: 4194304 bytes, open cost is considered as scanning 4194304 bytes.
26/10/01 11:29:44 INFO SparkContext: Starting job: csv at NativeMethodAccessorImpl.java:0
26/10/01 11:29:44 INFO DAGScheduler: Got job 1 (csv at NativeMethodAccessorImpl.java:0) with 1 output partitions
26/10/01 11:29:44 INFO DAGScheduler: Final stage: ResultStage 1 (csv at NativeMethodAccessorImpl.java:0)
26/10/01 11:29:44 INFO DAGScheduler: Parents of final stage: List()
26/10/01 11:29:44 INFO DAGScheduler: Missing parents: List()
26/10/01 11:29:44 INFO DAGScheduler: Submitting ResultStage 1 (MapPartitionsRDD[9] at csv at NativeMethodAccessorImpl.java:0), which has no missing parents
26/10/01 11:29:44 INFO MemoryStore: Block broadcast_3 stored as values in memory (estimated size 19.1 KiB, free 911.2 MiB)
26/10/01 11:29:44 INFO MemoryStore: Block broadcast_3_piece0 stored as bytes in memory (estimated size 9.9 KiB, free 911.2 MiB)
26/10/01 11:29:44 INFO BlockManagerInfo: Added broadcast_3_piece0 in memory on omlt-abyss-sdp-namenode-01.opsmon.sbt:35400 (size: 9.9 KiB, free: 912.2 MiB)
26/10/01 11:29:44 INFO SparkContext: Created broadcast 3 from broadcast at DAGScheduler.scala:1478
26/10/01 11:29:44 INFO DAGScheduler: Submitting 1 missing tasks from ResultStage 1 (MapPartitionsRDD[9] at csv at NativeMethodAccessorImpl.java:0) (first 15 tasks are for partitions Vector(0))
26/10/01 11:29:44 INFO YarnScheduler: Adding task set 1.0 with 1 tasks resource profile 0
26/10/01 11:29:44 INFO TaskSetManager: Starting task 0.0 in stage 1.0 (TID 1) (omlt-abyss-sdp-datanode-06.opsmon.sbt, executor 2, partition 0, RACK_LOCAL, 4931 bytes) taskResourceAssignments Map()
26/10/01 11:29:44 INFO BlockManagerInfo: Added broadcast_3_piece0 in memory on omlt-abyss-sdp-datanode-06.opsmon.sbt:38254 (size: 9.9 KiB, free: 912.3 MiB)
26/10/01 11:29:46 INFO BlockManagerInfo: Added broadcast_2_piece0 in memory on omlt-abyss-sdp-datanode-06.opsmon.sbt:38254 (size: 53.1 KiB, free: 912.2 MiB)
26/10/01 11:29:47 INFO TaskSetManager: Finished task 0.0 in stage 1.0 (TID 1) in 3417 ms on omlt-abyss-sdp-datanode-06.opsmon.sbt (executor 2) (1/1)
26/10/01 11:29:47 INFO YarnScheduler: Removed TaskSet 1.0, whose tasks have all completed, from pool 
26/10/01 11:29:47 INFO DAGScheduler: ResultStage 1 (csv at NativeMethodAccessorImpl.java:0) finished in 3.446 s
26/10/01 11:29:47 INFO DAGScheduler: Job 1 is finished. Cancelling potential speculative or zombie tasks for this job
26/10/01 11:29:47 INFO YarnScheduler: Killing all running tasks in stage 1: Stage finished
26/10/01 11:29:47 INFO DAGScheduler: Job 1 finished: csv at NativeMethodAccessorImpl.java:0, took 3.454501 s
26/10/01 11:29:47 INFO FileSourceStrategy: Pushed Filters: 
26/10/01 11:29:47 INFO FileSourceStrategy: Post-Scan Filters: 
26/10/01 11:29:47 INFO FileSourceStrategy: Output Data Schema: struct<scenario: string, duration_ms: int, layout_id: string, engine: string, cache_state: string ... 9 more fields>
26/10/01 11:29:47 INFO MemoryStore: Block broadcast_4 stored as values in memory (estimated size 506.2 KiB, free 910.7 MiB)
26/10/01 11:29:47 INFO MemoryStore: Block broadcast_4_piece0 stored as bytes in memory (estimated size 53.1 KiB, free 910.6 MiB)
26/10/01 11:29:47 INFO BlockManagerInfo: Added broadcast_4_piece0 in memory on omlt-abyss-sdp-namenode-01.opsmon.sbt:35400 (size: 53.1 KiB, free: 912.1 MiB)
26/10/01 11:29:47 INFO SparkContext: Created broadcast 4 from javaToPython at NativeMethodAccessorImpl.java:0
26/10/01 11:29:47 INFO FileSourceScanExec: Planning scan with bin packing, max size: 4194304 bytes, open cost is considered as scanning 4194304 bytes.
26/10/01 11:29:47 INFO SparkContext: Starting job: runJob at PythonRDD.scala:166
26/10/01 11:29:47 INFO DAGScheduler: Got job 2 (runJob at PythonRDD.scala:166) with 1 output partitions
26/10/01 11:29:47 INFO DAGScheduler: Final stage: ResultStage 2 (runJob at PythonRDD.scala:166)
26/10/01 11:29:47 INFO DAGScheduler: Parents of final stage: List()
26/10/01 11:29:47 INFO DAGScheduler: Missing parents: List()
26/10/01 11:29:47 INFO DAGScheduler: Submitting ResultStage 2 (PythonRDD[15] at RDD at PythonRDD.scala:53), which has no missing parents
26/10/01 11:29:47 INFO MemoryStore: Block broadcast_5 stored as values in memory (estimated size 18.0 KiB, free 910.6 MiB)
26/10/01 11:29:47 INFO MemoryStore: Block broadcast_5_piece0 stored as bytes in memory (estimated size 9.9 KiB, free 910.6 MiB)
26/10/01 11:29:47 INFO BlockManagerInfo: Added broadcast_5_piece0 in memory on omlt-abyss-sdp-namenode-01.opsmon.sbt:35400 (size: 9.9 KiB, free: 912.1 MiB)
26/10/01 11:29:47 INFO SparkContext: Created broadcast 5 from broadcast at DAGScheduler.scala:1478
26/10/01 11:29:47 INFO DAGScheduler: Submitting 1 missing tasks from ResultStage 2 (PythonRDD[15] at RDD at PythonRDD.scala:53) (first 15 tasks are for partitions Vector(0))
26/10/01 11:29:47 INFO YarnScheduler: Adding task set 2.0 with 1 tasks resource profile 0
26/10/01 11:29:47 INFO TaskSetManager: Starting task 0.0 in stage 2.0 (TID 2) (omlt-abyss-sdp-datanode-06.opsmon.sbt, executor 2, partition 0, RACK_LOCAL, 4931 bytes) taskResourceAssignments Map()
26/10/01 11:29:47 INFO BlockManagerInfo: Added broadcast_5_piece0 in memory on omlt-abyss-sdp-datanode-06.opsmon.sbt:38254 (size: 9.9 KiB, free: 912.2 MiB)
26/10/01 11:29:49 INFO BlockManagerInfo: Added broadcast_4_piece0 in memory on omlt-abyss-sdp-datanode-06.opsmon.sbt:38254 (size: 53.1 KiB, free: 912.2 MiB)
26/10/01 11:29:49 INFO TaskSetManager: Finished task 0.0 in stage 2.0 (TID 2) in 1866 ms on omlt-abyss-sdp-datanode-06.opsmon.sbt (executor 2) (1/1)
26/10/01 11:29:49 INFO YarnScheduler: Removed TaskSet 2.0, whose tasks have all completed, from pool 
26/10/01 11:29:49 INFO PythonAccumulatorV2: Connected to AccumulatorServer at host: 127.0.0.1 port: 53142
26/10/01 11:29:49 INFO DAGScheduler: ResultStage 2 (runJob at PythonRDD.scala:166) finished in 1.889 s
26/10/01 11:29:49 INFO DAGScheduler: Job 2 is finished. Cancelling potential speculative or zombie tasks for this job
26/10/01 11:29:49 INFO YarnScheduler: Killing all running tasks in stage 2: Stage finished
26/10/01 11:29:49 INFO DAGScheduler: Job 2 finished: runJob at PythonRDD.scala:166, took 1.894998 s
26/10/01 11:29:50 INFO FileSourceStrategy: Pushed Filters: IsNotNull(warmup),EqualTo(warmup,false)
26/10/01 11:29:50 INFO FileSourceStrategy: Post-Scan Filters: isnotnull(warmup#26),(warmup#26 = false)
26/10/01 11:29:50 INFO FileSourceStrategy: Output Data Schema: struct<warmup: boolean>
26/10/01 11:29:50 INFO CodeGenerator: Code generated in 17.781697 ms
26/10/01 11:29:50 INFO MemoryStore: Block broadcast_6 stored as values in memory (estimated size 506.2 KiB, free 910.1 MiB)
26/10/01 11:29:50 INFO MemoryStore: Block broadcast_6_piece0 stored as bytes in memory (estimated size 53.1 KiB, free 910.0 MiB)
26/10/01 11:29:50 INFO BlockManagerInfo: Added broadcast_6_piece0 in memory on omlt-abyss-sdp-namenode-01.opsmon.sbt:35400 (size: 53.1 KiB, free: 912.1 MiB)
26/10/01 11:29:50 INFO SparkContext: Created broadcast 6 from count at NativeMethodAccessorImpl.java:0
26/10/01 11:29:50 INFO FileSourceScanExec: Planning scan with bin packing, max size: 4194304 bytes, open cost is considered as scanning 4194304 bytes.
26/10/01 11:29:50 INFO DAGScheduler: Registering RDD 19 (count at NativeMethodAccessorImpl.java:0) as input to shuffle 0
26/10/01 11:29:50 INFO DAGScheduler: Got map stage job 3 (count at NativeMethodAccessorImpl.java:0) with 1 output partitions
26/10/01 11:29:50 INFO DAGScheduler: Final stage: ShuffleMapStage 3 (count at NativeMethodAccessorImpl.java:0)
26/10/01 11:29:50 INFO DAGScheduler: Parents of final stage: List()
26/10/01 11:29:50 INFO DAGScheduler: Missing parents: List()
26/10/01 11:29:50 INFO DAGScheduler: Submitting ShuffleMapStage 3 (MapPartitionsRDD[19] at count at NativeMethodAccessorImpl.java:0), which has no missing parents
26/10/01 11:29:50 INFO MemoryStore: Block broadcast_7 stored as values in memory (estimated size 16.9 KiB, free 910.0 MiB)
26/10/01 11:29:50 INFO MemoryStore: Block broadcast_7_piece0 stored as bytes in memory (estimated size 8.6 KiB, free 910.0 MiB)
26/10/01 11:29:50 INFO BlockManagerInfo: Added broadcast_7_piece0 in memory on omlt-abyss-sdp-namenode-01.opsmon.sbt:35400 (size: 8.6 KiB, free: 912.1 MiB)
26/10/01 11:29:50 INFO SparkContext: Created broadcast 7 from broadcast at DAGScheduler.scala:1478
26/10/01 11:29:50 INFO DAGScheduler: Submitting 1 missing tasks from ShuffleMapStage 3 (MapPartitionsRDD[19] at count at NativeMethodAccessorImpl.java:0) (first 15 tasks are for partitions Vector(0))
26/10/01 11:29:50 INFO YarnScheduler: Adding task set 3.0 with 1 tasks resource profile 0
26/10/01 11:29:50 INFO TaskSetManager: Starting task 0.0 in stage 3.0 (TID 3) (omlt-abyss-sdp-datanode-06.opsmon.sbt, executor 2, partition 0, RACK_LOCAL, 4920 bytes) taskResourceAssignments Map()
26/10/01 11:29:50 INFO BlockManagerInfo: Added broadcast_7_piece0 in memory on omlt-abyss-sdp-datanode-06.opsmon.sbt:38254 (size: 8.6 KiB, free: 912.2 MiB)
26/10/01 11:29:50 INFO BlockManagerInfo: Added broadcast_6_piece0 in memory on omlt-abyss-sdp-datanode-06.opsmon.sbt:38254 (size: 53.1 KiB, free: 912.1 MiB)
26/10/01 11:29:50 INFO TaskSetManager: Finished task 0.0 in stage 3.0 (TID 3) in 244 ms on omlt-abyss-sdp-datanode-06.opsmon.sbt (executor 2) (1/1)
26/10/01 11:29:50 INFO YarnScheduler: Removed TaskSet 3.0, whose tasks have all completed, from pool 
26/10/01 11:29:50 INFO DAGScheduler: ShuffleMapStage 3 (count at NativeMethodAccessorImpl.java:0) finished in 0.272 s
26/10/01 11:29:50 INFO DAGScheduler: looking for newly runnable stages
26/10/01 11:29:50 INFO DAGScheduler: running: Set()
26/10/01 11:29:50 INFO DAGScheduler: waiting: Set()
26/10/01 11:29:50 INFO DAGScheduler: failed: Set()
26/10/01 11:29:50 INFO CodeGenerator: Code generated in 19.312397 ms
26/10/01 11:29:50 INFO SparkContext: Starting job: count at NativeMethodAccessorImpl.java:0
26/10/01 11:29:50 INFO DAGScheduler: Got job 4 (count at NativeMethodAccessorImpl.java:0) with 1 output partitions
26/10/01 11:29:50 INFO DAGScheduler: Final stage: ResultStage 5 (count at NativeMethodAccessorImpl.java:0)
26/10/01 11:29:50 INFO DAGScheduler: Parents of final stage: List(ShuffleMapStage 4)
26/10/01 11:29:50 INFO DAGScheduler: Missing parents: List()
26/10/01 11:29:50 INFO DAGScheduler: Submitting ResultStage 5 (MapPartitionsRDD[22] at count at NativeMethodAccessorImpl.java:0), which has no missing parents
26/10/01 11:29:50 INFO MemoryStore: Block broadcast_8 stored as values in memory (estimated size 11.0 KiB, free 910.0 MiB)
26/10/01 11:29:50 INFO MemoryStore: Block broadcast_8_piece0 stored as bytes in memory (estimated size 5.5 KiB, free 910.0 MiB)
26/10/01 11:29:50 INFO BlockManagerInfo: Added broadcast_8_piece0 in memory on omlt-abyss-sdp-namenode-01.opsmon.sbt:35400 (size: 5.5 KiB, free: 912.1 MiB)
26/10/01 11:29:50 INFO SparkContext: Created broadcast 8 from broadcast at DAGScheduler.scala:1478
26/10/01 11:29:50 INFO DAGScheduler: Submitting 1 missing tasks from ResultStage 5 (MapPartitionsRDD[22] at count at NativeMethodAccessorImpl.java:0) (first 15 tasks are for partitions Vector(0))
26/10/01 11:29:50 INFO YarnScheduler: Adding task set 5.0 with 1 tasks resource profile 0
26/10/01 11:29:50 INFO TaskSetManager: Starting task 0.0 in stage 5.0 (TID 4) (omlt-abyss-sdp-datanode-06.opsmon.sbt, executor 2, partition 0, NODE_LOCAL, 4464 bytes) taskResourceAssignments Map()
26/10/01 11:29:50 INFO BlockManagerInfo: Added broadcast_8_piece0 in memory on omlt-abyss-sdp-datanode-06.opsmon.sbt:38254 (size: 5.5 KiB, free: 912.1 MiB)
26/10/01 11:29:50 INFO MapOutputTrackerMasterEndpoint: Asked to send map output locations for shuffle 0 to 10.21.68.48:58476
26/10/01 11:29:51 INFO TaskSetManager: Finished task 0.0 in stage 5.0 (TID 4) in 196 ms on omlt-abyss-sdp-datanode-06.opsmon.sbt (executor 2) (1/1)
26/10/01 11:29:51 INFO YarnScheduler: Removed TaskSet 5.0, whose tasks have all completed, from pool 
26/10/01 11:29:51 INFO DAGScheduler: ResultStage 5 (count at NativeMethodAccessorImpl.java:0) finished in 0.212 s
26/10/01 11:29:51 INFO DAGScheduler: Job 4 is finished. Cancelling potential speculative or zombie tasks for this job
26/10/01 11:29:51 INFO YarnScheduler: Killing all running tasks in stage 5: Stage finished
26/10/01 11:29:51 INFO DAGScheduler: Job 4 finished: count at NativeMethodAccessorImpl.java:0, took 0.223348 s
26/10/01 11:29:51 INFO BlockManagerInfo: Removed broadcast_0_piece0 on omlt-abyss-sdp-namenode-01.opsmon.sbt:35400 in memory (size: 53.1 KiB, free: 912.1 MiB)
26/10/01 11:29:51 INFO BlockManagerInfo: Removed broadcast_0_piece0 on omlt-abyss-sdp-datanode-02.opsmon.sbt:40121 in memory (size: 53.1 KiB, free: 912.3 MiB)
26/10/01 11:29:51 INFO BlockManagerInfo: Removed broadcast_5_piece0 on omlt-abyss-sdp-namenode-01.opsmon.sbt:35400 in memory (size: 9.9 KiB, free: 912.1 MiB)
26/10/01 11:29:51 INFO BlockManagerInfo: Removed broadcast_5_piece0 on omlt-abyss-sdp-datanode-06.opsmon.sbt:38254 in memory (size: 9.9 KiB, free: 912.1 MiB)
26/10/01 11:29:51 INFO BlockManagerInfo: Removed broadcast_2_piece0 on omlt-abyss-sdp-namenode-01.opsmon.sbt:35400 in memory (size: 53.1 KiB, free: 912.2 MiB)
26/10/01 11:29:51 INFO BlockManagerInfo: Removed broadcast_2_piece0 on omlt-abyss-sdp-datanode-06.opsmon.sbt:38254 in memory (size: 53.1 KiB, free: 912.2 MiB)
26/10/01 11:29:51 INFO BlockManagerInfo: Removed broadcast_1_piece0 on omlt-abyss-sdp-namenode-01.opsmon.sbt:35400 in memory (size: 5.8 KiB, free: 912.2 MiB)
26/10/01 11:29:51 INFO BlockManagerInfo: Removed broadcast_1_piece0 on omlt-abyss-sdp-datanode-02.opsmon.sbt:40121 in memory (size: 5.8 KiB, free: 912.3 MiB)
26/10/01 11:29:51 INFO BlockManagerInfo: Removed broadcast_3_piece0 on omlt-abyss-sdp-namenode-01.opsmon.sbt:35400 in memory (size: 9.9 KiB, free: 912.2 MiB)
26/10/01 11:29:51 INFO BlockManagerInfo: Removed broadcast_3_piece0 on omlt-abyss-sdp-datanode-06.opsmon.sbt:38254 in memory (size: 9.9 KiB, free: 912.2 MiB)
26/10/01 11:29:51 INFO BlockManagerInfo: Removed broadcast_7_piece0 on omlt-abyss-sdp-namenode-01.opsmon.sbt:35400 in memory (size: 8.6 KiB, free: 912.2 MiB)
26/10/01 11:29:51 INFO BlockManagerInfo: Removed broadcast_7_piece0 on omlt-abyss-sdp-datanode-06.opsmon.sbt:38254 in memory (size: 8.6 KiB, free: 912.2 MiB)
26/10/01 11:29:51 INFO FileSourceStrategy: Pushed Filters: IsNotNull(warmup),EqualTo(warmup,false)
26/10/01 11:29:51 INFO FileSourceStrategy: Post-Scan Filters: isnotnull(warmup#26),(warmup#26 = false)
26/10/01 11:29:51 INFO FileSourceStrategy: Output Data Schema: struct<scenario: string, duration_ms: int, layout_id: string, engine: string, cache_state: string ... 9 more fields>
26/10/01 11:29:51 INFO ParquetFileFormat: Using default output committer for Parquet: org.apache.parquet.hadoop.ParquetOutputCommitter
26/10/01 11:29:51 INFO FileOutputCommitter: File Output Committer Algorithm version is 1
26/10/01 11:29:51 INFO FileOutputCommitter: FileOutputCommitter skip cleanup _temporary folders under output directory:false, ignore cleanup failures: false
26/10/01 11:29:51 INFO SQLHadoopMapReduceCommitProtocol: Using user defined output committer class org.apache.parquet.hadoop.ParquetOutputCommitter
26/10/01 11:29:51 INFO FileOutputCommitter: File Output Committer Algorithm version is 1
26/10/01 11:29:51 INFO FileOutputCommitter: FileOutputCommitter skip cleanup _temporary folders under output directory:false, ignore cleanup failures: false
26/10/01 11:29:51 INFO SQLHadoopMapReduceCommitProtocol: Using output committer class org.apache.parquet.hadoop.ParquetOutputCommitter
26/10/01 11:29:51 INFO CodeGenerator: Code generated in 29.89109 ms
26/10/01 11:29:51 INFO MemoryStore: Block broadcast_9 stored as values in memory (estimated size 506.2 KiB, free 910.7 MiB)
26/10/01 11:29:51 INFO MemoryStore: Block broadcast_9_piece0 stored as bytes in memory (estimated size 53.1 KiB, free 910.6 MiB)
26/10/01 11:29:51 INFO BlockManagerInfo: Added broadcast_9_piece0 in memory on omlt-abyss-sdp-namenode-01.opsmon.sbt:35400 (size: 53.1 KiB, free: 912.1 MiB)
26/10/01 11:29:51 INFO SparkContext: Created broadcast 9 from parquet at NativeMethodAccessorImpl.java:0
26/10/01 11:29:51 INFO FileSourceScanExec: Planning scan with bin packing, max size: 4194304 bytes, open cost is considered as scanning 4194304 bytes.
26/10/01 11:29:51 INFO SparkContext: Starting job: parquet at NativeMethodAccessorImpl.java:0
26/10/01 11:29:51 INFO DAGScheduler: Got job 5 (parquet at NativeMethodAccessorImpl.java:0) with 1 output partitions
26/10/01 11:29:51 INFO DAGScheduler: Final stage: ResultStage 6 (parquet at NativeMethodAccessorImpl.java:0)
26/10/01 11:29:51 INFO DAGScheduler: Parents of final stage: List()
26/10/01 11:29:51 INFO DAGScheduler: Missing parents: List()
26/10/01 11:29:51 INFO DAGScheduler: Submitting ResultStage 6 (CoalescedRDD[26] at parquet at NativeMethodAccessorImpl.java:0), which has no missing parents
26/10/01 11:29:51 INFO MemoryStore: Block broadcast_10 stored as values in memory (estimated size 334.7 KiB, free 910.3 MiB)
26/10/01 11:29:51 INFO MemoryStore: Block broadcast_10_piece0 stored as bytes in memory (estimated size 116.0 KiB, free 910.2 MiB)
26/10/01 11:29:51 INFO BlockManagerInfo: Added broadcast_10_piece0 in memory on omlt-abyss-sdp-namenode-01.opsmon.sbt:35400 (size: 116.0 KiB, free: 912.0 MiB)
26/10/01 11:29:51 INFO SparkContext: Created broadcast 10 from broadcast at DAGScheduler.scala:1478
26/10/01 11:29:51 INFO DAGScheduler: Submitting 1 missing tasks from ResultStage 6 (CoalescedRDD[26] at parquet at NativeMethodAccessorImpl.java:0) (first 15 tasks are for partitions Vector(0))
26/10/01 11:29:51 INFO YarnScheduler: Adding task set 6.0 with 1 tasks resource profile 0
26/10/01 11:29:51 INFO TaskSetManager: Starting task 0.0 in stage 6.0 (TID 5) (omlt-abyss-sdp-datanode-06.opsmon.sbt, executor 2, partition 0, RACK_LOCAL, 5160 bytes) taskResourceAssignments Map()
26/10/01 11:29:51 INFO BlockManagerInfo: Added broadcast_10_piece0 in memory on omlt-abyss-sdp-datanode-06.opsmon.sbt:38254 (size: 116.0 KiB, free: 912.1 MiB)
26/10/01 11:29:52 INFO BlockManagerInfo: Added broadcast_9_piece0 in memory on omlt-abyss-sdp-datanode-06.opsmon.sbt:38254 (size: 53.1 KiB, free: 912.0 MiB)
26/10/01 11:29:52 WARN TaskSetManager: Lost task 0.0 in stage 6.0 (TID 5) (omlt-abyss-sdp-datanode-06.opsmon.sbt executor 2): org.apache.spark.SparkException: Task failed while writing rows.
	at org.apache.spark.sql.errors.QueryExecutionErrors$.taskFailedWhileWritingRowsError(QueryExecutionErrors.scala:500)
	at org.apache.spark.sql.execution.datasources.FileFormatWriter$.executeTask(FileFormatWriter.scala:321)
	at org.apache.spark.sql.execution.datasources.FileFormatWriter$.$anonfun$write$16(FileFormatWriter.scala:229)
	at org.apache.spark.scheduler.ResultTask.runTask(ResultTask.scala:90)
	at org.apache.spark.scheduler.Task.run(Task.scala:131)
	at org.apache.spark.executor.Executor$TaskRunner.$anonfun$run$3(Executor.scala:506)
	at org.apache.spark.util.Utils$.tryWithSafeFinally(Utils.scala:1462)
	at org.apache.spark.executor.Executor$TaskRunner.run(Executor.scala:509)
	at java.util.concurrent.ThreadPoolExecutor.runWorker(ThreadPoolExecutor.java:1149)
	at java.util.concurrent.ThreadPoolExecutor$Worker.run(ThreadPoolExecutor.java:624)
	at java.lang.Thread.run(Thread.java:748)
Caused by: java.io.FileNotFoundException: 
File does not exist: /orc_test/layouts/best_orc/reports/raw/benchmark_hive_h0/hive_results.csv
	at org.apache.hadoop.hdfs.server.namenode.INodeFile.valueOf(INodeFile.java:86)
	at org.apache.hadoop.hdfs.server.namenode.INodeFile.valueOf(INodeFile.java:76)
	at org.apache.hadoop.hdfs.server.namenode.FSDirStatAndListingOp.getBlockLocations(FSDirStatAndListingOp.java:153)
	at org.apache.hadoop.hdfs.server.namenode.FSNamesystem.getBlockLocations(FSNamesystem.java:1951)
	at org.apache.hadoop.hdfs.server.namenode.NameNodeRpcServer.getBlockLocations(NameNodeRpcServer.java:755)
	at org.apache.hadoop.hdfs.protocolPB.ClientNamenodeProtocolServerSideTranslatorPB.getBlockLocations(ClientNamenodeProtocolServerSideTranslatorPB.java:433)
	at org.apache.hadoop.hdfs.protocol.proto.ClientNamenodeProtocolProtos$ClientNamenodeProtocol$2.callBlockingMethod(ClientNamenodeProtocolProtos.java)
	at org.apache.hadoop.ipc.ProtobufRpcEngine$Server$ProtoBufRpcInvoker.call(ProtobufRpcEngine.java:527)
	at org.apache.hadoop.ipc.RPC$Server.call(RPC.java:1036)
	at org.apache.hadoop.ipc.Server$RpcCall.run(Server.java:1000)
	at org.apache.hadoop.ipc.Server$RpcCall.run(Server.java:928)
	at java.security.AccessController.doPrivileged(Native Method)
	at javax.security.auth.Subject.doAs(Subject.java:422)
	at org.apache.hadoop.security.UserGroupInformation.doAs(UserGroupInformation.java:1729)
	at org.apache.hadoop.ipc.Server$Handler.run(Server.java:2916)


It is possible the underlying files have been updated. You can explicitly invalidate
the cache in Spark by running 'REFRESH TABLE tableName' command in SQL or by
recreating the Dataset/DataFrame involved.
       
	at org.apache.spark.sql.errors.QueryExecutionErrors$.readCurrentFileNotFoundError(QueryExecutionErrors.scala:506)
	at org.apache.spark.sql.execution.datasources.FileScanRDD$$anon$1.org$apache$spark$sql$execution$datasources$FileScanRDD$$anon$$readCurrentFile(FileScanRDD.scala:130)
	at org.apache.spark.sql.execution.datasources.FileScanRDD$$anon$1.nextIterator(FileScanRDD.scala:187)
	at org.apache.spark.sql.execution.datasources.FileScanRDD$$anon$1.hasNext(FileScanRDD.scala:104)
	at scala.collection.Iterator$$anon$10.hasNext(Iterator.scala:460)
	at org.apache.spark.sql.catalyst.expressions.GeneratedClass$GeneratedIteratorForCodegenStage1.processNext(Unknown Source)
	at org.apache.spark.sql.execution.BufferedRowIterator.hasNext(BufferedRowIterator.java:43)
	at org.apache.spark.sql.execution.WholeStageCodegenExec$$anon$1.hasNext(WholeStageCodegenExec.scala:759)
	at scala.collection.Iterator$$anon$11.hasNext(Iterator.scala:490)
	at org.apache.spark.sql.execution.datasources.FileFormatDataWriter.writeWithIterator(FileFormatDataWriter.scala:91)
	at org.apache.spark.sql.execution.datasources.FileFormatWriter$.$anonfun$executeTask$1(FileFormatWriter.scala:304)
	at org.apache.spark.util.Utils$.tryWithSafeFinallyAndFailureCallbacks(Utils.scala:1496)
	at org.apache.spark.sql.execution.datasources.FileFormatWriter$.executeTask(FileFormatWriter.scala:311)
	... 9 more

26/10/01 11:29:52 INFO TaskSetManager: Starting task 0.1 in stage 6.0 (TID 6) (omlt-abyss-sdp-datanode-02.opsmon.sbt, executor 1, partition 0, RACK_LOCAL, 5160 bytes) taskResourceAssignments Map()
26/10/01 11:29:52 INFO BlockManagerInfo: Added broadcast_10_piece0 in memory on omlt-abyss-sdp-datanode-02.opsmon.sbt:40121 (size: 116.0 KiB, free: 912.2 MiB)
26/10/01 11:29:53 INFO BlockManagerInfo: Added broadcast_9_piece0 in memory on omlt-abyss-sdp-datanode-02.opsmon.sbt:40121 (size: 53.1 KiB, free: 912.1 MiB)
26/10/01 11:29:53 INFO TaskSetManager: Lost task 0.1 in stage 6.0 (TID 6) on omlt-abyss-sdp-datanode-02.opsmon.sbt, executor 1: org.apache.spark.SparkException (Task failed while writing rows.) [duplicate 1]
26/10/01 11:29:53 INFO TaskSetManager: Starting task 0.2 in stage 6.0 (TID 7) (omlt-abyss-sdp-datanode-02.opsmon.sbt, executor 1, partition 0, RACK_LOCAL, 5160 bytes) taskResourceAssignments Map()
26/10/01 11:29:53 INFO TaskSetManager: Lost task 0.2 in stage 6.0 (TID 7) on omlt-abyss-sdp-datanode-02.opsmon.sbt, executor 1: org.apache.spark.SparkException (Task failed while writing rows.) [duplicate 2]
26/10/01 11:29:54 INFO TaskSetManager: Starting task 0.3 in stage 6.0 (TID 8) (omlt-abyss-sdp-datanode-02.opsmon.sbt, executor 1, partition 0, RACK_LOCAL, 5160 bytes) taskResourceAssignments Map()
26/10/01 11:29:54 INFO TaskSetManager: Lost task 0.3 in stage 6.0 (TID 8) on omlt-abyss-sdp-datanode-02.opsmon.sbt, executor 1: org.apache.spark.SparkException (Task failed while writing rows.) [duplicate 3]
26/10/01 11:29:54 ERROR TaskSetManager: Task 0 in stage 6.0 failed 4 times; aborting job
26/10/01 11:29:54 INFO YarnScheduler: Removed TaskSet 6.0, whose tasks have all completed, from pool 
26/10/01 11:29:54 INFO YarnScheduler: Cancelling stage 6
26/10/01 11:29:54 INFO YarnScheduler: Killing all running tasks in stage 6: Stage cancelled
26/10/01 11:29:54 INFO DAGScheduler: ResultStage 6 (parquet at NativeMethodAccessorImpl.java:0) failed in 2.620 s due to Job aborted due to stage failure: Task 0 in stage 6.0 failed 4 times, most recent failure: Lost task 0.3 in stage 6.0 (TID 8) (omlt-abyss-sdp-datanode-02.opsmon.sbt executor 1): org.apache.spark.SparkException: Task failed while writing rows.
	at org.apache.spark.sql.errors.QueryExecutionErrors$.taskFailedWhileWritingRowsError(QueryExecutionErrors.scala:500)
	at org.apache.spark.sql.execution.datasources.FileFormatWriter$.executeTask(FileFormatWriter.scala:321)
	at org.apache.spark.sql.execution.datasources.FileFormatWriter$.$anonfun$write$16(FileFormatWriter.scala:229)
	at org.apache.spark.scheduler.ResultTask.runTask(ResultTask.scala:90)
	at org.apache.spark.scheduler.Task.run(Task.scala:131)
	at org.apache.spark.executor.Executor$TaskRunner.$anonfun$run$3(Executor.scala:506)
	at org.apache.spark.util.Utils$.tryWithSafeFinally(Utils.scala:1462)
	at org.apache.spark.executor.Executor$TaskRunner.run(Executor.scala:509)
	at java.util.concurrent.ThreadPoolExecutor.runWorker(ThreadPoolExecutor.java:1149)
	at java.util.concurrent.ThreadPoolExecutor$Worker.run(ThreadPoolExecutor.java:624)
	at java.lang.Thread.run(Thread.java:748)
Caused by: java.io.FileNotFoundException: 
File does not exist: /orc_test/layouts/best_orc/reports/raw/benchmark_hive_h0/hive_results.csv
	at org.apache.hadoop.hdfs.server.namenode.INodeFile.valueOf(INodeFile.java:86)
	at org.apache.hadoop.hdfs.server.namenode.INodeFile.valueOf(INodeFile.java:76)
	at org.apache.hadoop.hdfs.server.namenode.FSDirStatAndListingOp.getBlockLocations(FSDirStatAndListingOp.java:153)
	at org.apache.hadoop.hdfs.server.namenode.FSNamesystem.getBlockLocations(FSNamesystem.java:1951)
	at org.apache.hadoop.hdfs.server.namenode.NameNodeRpcServer.getBlockLocations(NameNodeRpcServer.java:755)
	at org.apache.hadoop.hdfs.protocolPB.ClientNamenodeProtocolServerSideTranslatorPB.getBlockLocations(ClientNamenodeProtocolServerSideTranslatorPB.java:433)
	at org.apache.hadoop.hdfs.protocol.proto.ClientNamenodeProtocolProtos$ClientNamenodeProtocol$2.callBlockingMethod(ClientNamenodeProtocolProtos.java)
	at org.apache.hadoop.ipc.ProtobufRpcEngine$Server$ProtoBufRpcInvoker.call(ProtobufRpcEngine.java:527)
	at org.apache.hadoop.ipc.RPC$Server.call(RPC.java:1036)
	at org.apache.hadoop.ipc.Server$RpcCall.run(Server.java:1000)
	at org.apache.hadoop.ipc.Server$RpcCall.run(Server.java:928)
	at java.security.AccessController.doPrivileged(Native Method)
	at javax.security.auth.Subject.doAs(Subject.java:422)
	at org.apache.hadoop.security.UserGroupInformation.doAs(UserGroupInformation.java:1729)
	at org.apache.hadoop.ipc.Server$Handler.run(Server.java:2916)


It is possible the underlying files have been updated. You can explicitly invalidate
the cache in Spark by running 'REFRESH TABLE tableName' command in SQL or by
recreating the Dataset/DataFrame involved.
       
	at org.apache.spark.sql.errors.QueryExecutionErrors$.readCurrentFileNotFoundError(QueryExecutionErrors.scala:506)
	at org.apache.spark.sql.execution.datasources.FileScanRDD$$anon$1.org$apache$spark$sql$execution$datasources$FileScanRDD$$anon$$readCurrentFile(FileScanRDD.scala:130)
	at org.apache.spark.sql.execution.datasources.FileScanRDD$$anon$1.nextIterator(FileScanRDD.scala:187)
	at org.apache.spark.sql.execution.datasources.FileScanRDD$$anon$1.hasNext(FileScanRDD.scala:104)
	at scala.collection.Iterator$$anon$10.hasNext(Iterator.scala:460)
	at org.apache.spark.sql.catalyst.expressions.GeneratedClass$GeneratedIteratorForCodegenStage1.processNext(Unknown Source)
	at org.apache.spark.sql.execution.BufferedRowIterator.hasNext(BufferedRowIterator.java:43)
	at org.apache.spark.sql.execution.WholeStageCodegenExec$$anon$1.hasNext(WholeStageCodegenExec.scala:759)
	at scala.collection.Iterator$$anon$11.hasNext(Iterator.scala:490)
	at org.apache.spark.sql.execution.datasources.FileFormatDataWriter.writeWithIterator(FileFormatDataWriter.scala:91)
	at org.apache.spark.sql.execution.datasources.FileFormatWriter$.$anonfun$executeTask$1(FileFormatWriter.scala:304)
	at org.apache.spark.util.Utils$.tryWithSafeFinallyAndFailureCallbacks(Utils.scala:1496)
	at org.apache.spark.sql.execution.datasources.FileFormatWriter$.executeTask(FileFormatWriter.scala:311)
	... 9 more

Driver stacktrace:
26/10/01 11:29:54 INFO DAGScheduler: Job 5 failed: parquet at NativeMethodAccessorImpl.java:0, took 2.626842 s
26/10/01 11:29:54 ERROR FileFormatWriter: Aborting job 7831f799-8c80-4cb9-9887-87abd365e53f.
org.apache.spark.SparkException: Job aborted due to stage failure: Task 0 in stage 6.0 failed 4 times, most recent failure: Lost task 0.3 in stage 6.0 (TID 8) (omlt-abyss-sdp-datanode-02.opsmon.sbt executor 1): org.apache.spark.SparkException: Task failed while writing rows.
	at org.apache.spark.sql.errors.QueryExecutionErrors$.taskFailedWhileWritingRowsError(QueryExecutionErrors.scala:500)
	at org.apache.spark.sql.execution.datasources.FileFormatWriter$.executeTask(FileFormatWriter.scala:321)
	at org.apache.spark.sql.execution.datasources.FileFormatWriter$.$anonfun$write$16(FileFormatWriter.scala:229)
	at org.apache.spark.scheduler.ResultTask.runTask(ResultTask.scala:90)
	at org.apache.spark.scheduler.Task.run(Task.scala:131)
	at org.apache.spark.executor.Executor$TaskRunner.$anonfun$run$3(Executor.scala:506)
	at org.apache.spark.util.Utils$.tryWithSafeFinally(Utils.scala:1462)
	at org.apache.spark.executor.Executor$TaskRunner.run(Executor.scala:509)
	at java.util.concurrent.ThreadPoolExecutor.runWorker(ThreadPoolExecutor.java:1149)
	at java.util.concurrent.ThreadPoolExecutor$Worker.run(ThreadPoolExecutor.java:624)
	at java.lang.Thread.run(Thread.java:748)
Caused by: java.io.FileNotFoundException: 
File does not exist: /orc_test/layouts/best_orc/reports/raw/benchmark_hive_h0/hive_results.csv
	at org.apache.hadoop.hdfs.server.namenode.INodeFile.valueOf(INodeFile.java:86)
	at org.apache.hadoop.hdfs.server.namenode.INodeFile.valueOf(INodeFile.java:76)
	at org.apache.hadoop.hdfs.server.namenode.FSDirStatAndListingOp.getBlockLocations(FSDirStatAndListingOp.java:153)
	at org.apache.hadoop.hdfs.server.namenode.FSNamesystem.getBlockLocations(FSNamesystem.java:1951)
	at org.apache.hadoop.hdfs.server.namenode.NameNodeRpcServer.getBlockLocations(NameNodeRpcServer.java:755)
	at org.apache.hadoop.hdfs.protocolPB.ClientNamenodeProtocolServerSideTranslatorPB.getBlockLocations(ClientNamenodeProtocolServerSideTranslatorPB.java:433)
	at org.apache.hadoop.hdfs.protocol.proto.ClientNamenodeProtocolProtos$ClientNamenodeProtocol$2.callBlockingMethod(ClientNamenodeProtocolProtos.java)
	at org.apache.hadoop.ipc.ProtobufRpcEngine$Server$ProtoBufRpcInvoker.call(ProtobufRpcEngine.java:527)
	at org.apache.hadoop.ipc.RPC$Server.call(RPC.java:1036)
	at org.apache.hadoop.ipc.Server$RpcCall.run(Server.java:1000)
	at org.apache.hadoop.ipc.Server$RpcCall.run(Server.java:928)
	at java.security.AccessController.doPrivileged(Native Method)
	at javax.security.auth.Subject.doAs(Subject.java:422)
	at org.apache.hadoop.security.UserGroupInformation.doAs(UserGroupInformation.java:1729)
	at org.apache.hadoop.ipc.Server$Handler.run(Server.java:2916)


It is possible the underlying files have been updated. You can explicitly invalidate
the cache in Spark by running 'REFRESH TABLE tableName' command in SQL or by
recreating the Dataset/DataFrame involved.
       
	at org.apache.spark.sql.errors.QueryExecutionErrors$.readCurrentFileNotFoundError(QueryExecutionErrors.scala:506)
	at org.apache.spark.sql.execution.datasources.FileScanRDD$$anon$1.org$apache$spark$sql$execution$datasources$FileScanRDD$$anon$$readCurrentFile(FileScanRDD.scala:130)
	at org.apache.spark.sql.execution.datasources.FileScanRDD$$anon$1.nextIterator(FileScanRDD.scala:187)
	at org.apache.spark.sql.execution.datasources.FileScanRDD$$anon$1.hasNext(FileScanRDD.scala:104)
	at scala.collection.Iterator$$anon$10.hasNext(Iterator.scala:460)
	at org.apache.spark.sql.catalyst.expressions.GeneratedClass$GeneratedIteratorForCodegenStage1.processNext(Unknown Source)
	at org.apache.spark.sql.execution.BufferedRowIterator.hasNext(BufferedRowIterator.java:43)
	at org.apache.spark.sql.execution.WholeStageCodegenExec$$anon$1.hasNext(WholeStageCodegenExec.scala:759)
	at scala.collection.Iterator$$anon$11.hasNext(Iterator.scala:490)
	at org.apache.spark.sql.execution.datasources.FileFormatDataWriter.writeWithIterator(FileFormatDataWriter.scala:91)
	at org.apache.spark.sql.execution.datasources.FileFormatWriter$.$anonfun$executeTask$1(FileFormatWriter.scala:304)
	at org.apache.spark.util.Utils$.tryWithSafeFinallyAndFailureCallbacks(Utils.scala:1496)
	at org.apache.spark.sql.execution.datasources.FileFormatWriter$.executeTask(FileFormatWriter.scala:311)
	... 9 more

Driver stacktrace:
	at org.apache.spark.scheduler.DAGScheduler.failJobAndIndependentStages(DAGScheduler.scala:2454)
	at org.apache.spark.scheduler.DAGScheduler.$anonfun$abortStage$2(DAGScheduler.scala:2403)
	at org.apache.spark.scheduler.DAGScheduler.$anonfun$abortStage$2$adapted(DAGScheduler.scala:2402)
	at scala.collection.mutable.ResizableArray.foreach(ResizableArray.scala:62)
	at scala.collection.mutable.ResizableArray.foreach$(ResizableArray.scala:55)
	at scala.collection.mutable.ArrayBuffer.foreach(ArrayBuffer.scala:49)
	at org.apache.spark.scheduler.DAGScheduler.abortStage(DAGScheduler.scala:2402)
	at org.apache.spark.scheduler.DAGScheduler.$anonfun$handleTaskSetFailed$1(DAGScheduler.scala:1160)
	at org.apache.spark.scheduler.DAGScheduler.$anonfun$handleTaskSetFailed$1$adapted(DAGScheduler.scala:1160)
	at scala.Option.foreach(Option.scala:407)
	at org.apache.spark.scheduler.DAGScheduler.handleTaskSetFailed(DAGScheduler.scala:1160)
	at org.apache.spark.scheduler.DAGSchedulerEventProcessLoop.doOnReceive(DAGScheduler.scala:2642)
	at org.apache.spark.scheduler.DAGSchedulerEventProcessLoop.onReceive(DAGScheduler.scala:2584)
	at org.apache.spark.scheduler.DAGSchedulerEventProcessLoop.onReceive(DAGScheduler.scala:2573)
	at org.apache.spark.util.EventLoop$$anon$1.run(EventLoop.scala:49)
	at org.apache.spark.scheduler.DAGScheduler.runJob(DAGScheduler.scala:938)
	at org.apache.spark.SparkContext.runJob(SparkContext.scala:2214)
	at org.apache.spark.sql.execution.datasources.FileFormatWriter$.write(FileFormatWriter.scala:218)
	at org.apache.spark.sql.execution.datasources.InsertIntoHadoopFsRelationCommand.run(InsertIntoHadoopFsRelationCommand.scala:186)
	at org.apache.spark.sql.execution.command.DataWritingCommandExec.sideEffectResult$lzycompute(commands.scala:113)
	at org.apache.spark.sql.execution.command.DataWritingCommandExec.sideEffectResult(commands.scala:111)
	at org.apache.spark.sql.execution.command.DataWritingCommandExec.executeCollect(commands.scala:125)
	at org.apache.spark.sql.execution.QueryExecution$$anonfun$eagerlyExecuteCommands$1.$anonfun$applyOrElse$1(QueryExecution.scala:110)
	at org.apache.spark.sql.execution.SQLExecution$.$anonfun$withNewExecutionId$5(SQLExecution.scala:103)
	at org.apache.spark.sql.execution.SQLExecution$.withSQLConfPropagated(SQLExecution.scala:163)
	at org.apache.spark.sql.execution.SQLExecution$.$anonfun$withNewExecutionId$1(SQLExecution.scala:90)
	at org.apache.spark.sql.SparkSession.withActive(SparkSession.scala:775)
	at org.apache.spark.sql.execution.SQLExecution$.withNewExecutionId(SQLExecution.scala:64)
	at org.apache.spark.sql.execution.QueryExecution$$anonfun$eagerlyExecuteCommands$1.applyOrElse(QueryExecution.scala:110)
	at org.apache.spark.sql.execution.QueryExecution$$anonfun$eagerlyExecuteCommands$1.applyOrElse(QueryExecution.scala:106)
	at org.apache.spark.sql.catalyst.trees.TreeNode.$anonfun$transformDownWithPruning$1(TreeNode.scala:481)
	at org.apache.spark.sql.catalyst.trees.CurrentOrigin$.withOrigin(TreeNode.scala:82)
	at org.apache.spark.sql.catalyst.trees.TreeNode.transformDownWithPruning(TreeNode.scala:481)
	at org.apache.spark.sql.catalyst.plans.logical.LogicalPlan.org$apache$spark$sql$catalyst$plans$logical$AnalysisHelper$$super$transformDownWithPruning(LogicalPlan.scala:30)
	at org.apache.spark.sql.catalyst.plans.logical.AnalysisHelper.transformDownWithPruning(AnalysisHelper.scala:267)
	at org.apache.spark.sql.catalyst.plans.logical.AnalysisHelper.transformDownWithPruning$(AnalysisHelper.scala:263)
	at org.apache.spark.sql.catalyst.plans.logical.LogicalPlan.transformDownWithPruning(LogicalPlan.scala:30)
	at org.apache.spark.sql.catalyst.plans.logical.LogicalPlan.transformDownWithPruning(LogicalPlan.scala:30)
	at org.apache.spark.sql.catalyst.trees.TreeNode.transformDown(TreeNode.scala:457)
	at org.apache.spark.sql.execution.QueryExecution.eagerlyExecuteCommands(QueryExecution.scala:106)
	at org.apache.spark.sql.execution.QueryExecution.commandExecuted$lzycompute(QueryExecution.scala:93)
	at org.apache.spark.sql.execution.QueryExecution.commandExecuted(QueryExecution.scala:91)
	at org.apache.spark.sql.execution.QueryExecution.assertCommandExecuted(QueryExecution.scala:128)
	at org.apache.spark.sql.DataFrameWriter.runCommand(DataFrameWriter.scala:848)
	at org.apache.spark.sql.DataFrameWriter.saveToV1Source(DataFrameWriter.scala:382)
	at org.apache.spark.sql.DataFrameWriter.saveInternal(DataFrameWriter.scala:355)
	at org.apache.spark.sql.DataFrameWriter.save(DataFrameWriter.scala:239)
	at org.apache.spark.sql.DataFrameWriter.parquet(DataFrameWriter.scala:781)
	at sun.reflect.NativeMethodAccessorImpl.invoke0(Native Method)
	at sun.reflect.NativeMethodAccessorImpl.invoke(NativeMethodAccessorImpl.java:62)
	at sun.reflect.DelegatingMethodAccessorImpl.invoke(DelegatingMethodAccessorImpl.java:43)
	at java.lang.reflect.Method.invoke(Method.java:498)
	at py4j.reflection.MethodInvoker.invoke(MethodInvoker.java:244)
	at py4j.reflection.ReflectionEngine.invoke(ReflectionEngine.java:357)
	at py4j.Gateway.invoke(Gateway.java:282)
	at py4j.commands.AbstractCommand.invokeMethod(AbstractCommand.java:132)
	at py4j.commands.CallCommand.execute(CallCommand.java:79)
	at py4j.GatewayConnection.run(GatewayConnection.java:238)
	at java.lang.Thread.run(Thread.java:748)
Caused by: org.apache.spark.SparkException: Task failed while writing rows.
	at org.apache.spark.sql.errors.QueryExecutionErrors$.taskFailedWhileWritingRowsError(QueryExecutionErrors.scala:500)
	at org.apache.spark.sql.execution.datasources.FileFormatWriter$.executeTask(FileFormatWriter.scala:321)
	at org.apache.spark.sql.execution.datasources.FileFormatWriter$.$anonfun$write$16(FileFormatWriter.scala:229)
	at org.apache.spark.scheduler.ResultTask.runTask(ResultTask.scala:90)
	at org.apache.spark.scheduler.Task.run(Task.scala:131)
	at org.apache.spark.executor.Executor$TaskRunner.$anonfun$run$3(Executor.scala:506)
	at org.apache.spark.util.Utils$.tryWithSafeFinally(Utils.scala:1462)
	at org.apache.spark.executor.Executor$TaskRunner.run(Executor.scala:509)
	at java.util.concurrent.ThreadPoolExecutor.runWorker(ThreadPoolExecutor.java:1149)
	at java.util.concurrent.ThreadPoolExecutor$Worker.run(ThreadPoolExecutor.java:624)
	... 1 more
Caused by: java.io.FileNotFoundException: 
File does not exist: /orc_test/layouts/best_orc/reports/raw/benchmark_hive_h0/hive_results.csv
	at org.apache.hadoop.hdfs.server.namenode.INodeFile.valueOf(INodeFile.java:86)
	at org.apache.hadoop.hdfs.server.namenode.INodeFile.valueOf(INodeFile.java:76)
	at org.apache.hadoop.hdfs.server.namenode.FSDirStatAndListingOp.getBlockLocations(FSDirStatAndListingOp.java:153)
	at org.apache.hadoop.hdfs.server.namenode.FSNamesystem.getBlockLocations(FSNamesystem.java:1951)
	at org.apache.hadoop.hdfs.server.namenode.NameNodeRpcServer.getBlockLocations(NameNodeRpcServer.java:755)
	at org.apache.hadoop.hdfs.protocolPB.ClientNamenodeProtocolServerSideTranslatorPB.getBlockLocations(ClientNamenodeProtocolServerSideTranslatorPB.java:433)
	at org.apache.hadoop.hdfs.protocol.proto.ClientNamenodeProtocolProtos$ClientNamenodeProtocol$2.callBlockingMethod(ClientNamenodeProtocolProtos.java)
	at org.apache.hadoop.ipc.ProtobufRpcEngine$Server$ProtoBufRpcInvoker.call(ProtobufRpcEngine.java:527)
	at org.apache.hadoop.ipc.RPC$Server.call(RPC.java:1036)
	at org.apache.hadoop.ipc.Server$RpcCall.run(Server.java:1000)
	at org.apache.hadoop.ipc.Server$RpcCall.run(Server.java:928)
	at java.security.AccessController.doPrivileged(Native Method)
	at javax.security.auth.Subject.doAs(Subject.java:422)
	at org.apache.hadoop.security.UserGroupInformation.doAs(UserGroupInformation.java:1729)
	at org.apache.hadoop.ipc.Server$Handler.run(Server.java:2916)


It is possible the underlying files have been updated. You can explicitly invalidate
the cache in Spark by running 'REFRESH TABLE tableName' command in SQL or by
recreating the Dataset/DataFrame involved.
       
	at org.apache.spark.sql.errors.QueryExecutionErrors$.readCurrentFileNotFoundError(QueryExecutionErrors.scala:506)
	at org.apache.spark.sql.execution.datasources.FileScanRDD$$anon$1.org$apache$spark$sql$execution$datasources$FileScanRDD$$anon$$readCurrentFile(FileScanRDD.scala:130)
	at org.apache.spark.sql.execution.datasources.FileScanRDD$$anon$1.nextIterator(FileScanRDD.scala:187)
	at org.apache.spark.sql.execution.datasources.FileScanRDD$$anon$1.hasNext(FileScanRDD.scala:104)
	at scala.collection.Iterator$$anon$10.hasNext(Iterator.scala:460)
	at org.apache.spark.sql.catalyst.expressions.GeneratedClass$GeneratedIteratorForCodegenStage1.processNext(Unknown Source)
	at org.apache.spark.sql.execution.BufferedRowIterator.hasNext(BufferedRowIterator.java:43)
	at org.apache.spark.sql.execution.WholeStageCodegenExec$$anon$1.hasNext(WholeStageCodegenExec.scala:759)
	at scala.collection.Iterator$$anon$11.hasNext(Iterator.scala:490)
	at org.apache.spark.sql.execution.datasources.FileFormatDataWriter.writeWithIterator(FileFormatDataWriter.scala:91)
	at org.apache.spark.sql.execution.datasources.FileFormatWriter$.$anonfun$executeTask$1(FileFormatWriter.scala:304)
	at org.apache.spark.util.Utils$.tryWithSafeFinallyAndFailureCallbacks(Utils.scala:1496)
	at org.apache.spark.sql.execution.datasources.FileFormatWriter$.executeTask(FileFormatWriter.scala:311)
	... 9 more
26/10/01 11:29:54 INFO YarnClientSchedulerBackend: Interrupting monitor thread
26/10/01 11:29:54 INFO YarnClientSchedulerBackend: Shutting down all executors
26/10/01 11:29:54 INFO YarnSchedulerBackend$YarnDriverEndpoint: Asking each executor to shut down
26/10/01 11:29:54 INFO YarnClientSchedulerBackend: YARN client scheduler backend Stopped
26/10/01 11:29:54 INFO MapOutputTrackerMasterEndpoint: MapOutputTrackerMasterEndpoint stopped!
26/10/01 11:29:54 INFO MemoryStore: MemoryStore cleared
26/10/01 11:29:54 INFO BlockManager: BlockManager stopped
26/10/01 11:29:54 INFO BlockManagerMaster: BlockManagerMaster stopped
26/10/01 11:29:54 INFO OutputCommitCoordinator$OutputCommitCoordinatorEndpoint: OutputCommitCoordinator stopped!
26/10/01 11:29:54 INFO SparkContext: Successfully stopped SparkContext
Traceback (most recent call last):
  File "/tmp/orc-bench-hive-ingest-Y4rvLC.py", line 39, in <module>
    measured.coalesce(1).write.mode("overwrite").parquet(out_path)
  File "/usr/sdp/current/spark3-client/python/lib/pyspark.zip/pyspark/sql/readwriter.py", line 885, in parquet
  File "/usr/sdp/current/spark3-client/python/lib/py4j-0.10.9.3-src.zip/py4j/java_gateway.py", line 1322, in __call__
  File "/usr/sdp/current/spark3-client/python/lib/pyspark.zip/pyspark/sql/utils.py", line 111, in deco
  File "/usr/sdp/current/spark3-client/python/lib/py4j-0.10.9.3-src.zip/py4j/protocol.py", line 328, in get_return_value
py4j.protocol.Py4JJavaError: An error occurred while calling o145.parquet.
: org.apache.spark.SparkException: Job aborted.
	at org.apache.spark.sql.errors.QueryExecutionErrors$.jobAbortedError(QueryExecutionErrors.scala:496)
	at org.apache.spark.sql.execution.datasources.FileFormatWriter$.write(FileFormatWriter.scala:251)
	at org.apache.spark.sql.execution.datasources.InsertIntoHadoopFsRelationCommand.run(InsertIntoHadoopFsRelationCommand.scala:186)
	at org.apache.spark.sql.execution.command.DataWritingCommandExec.sideEffectResult$lzycompute(commands.scala:113)
	at org.apache.spark.sql.execution.command.DataWritingCommandExec.sideEffectResult(commands.scala:111)
	at org.apache.spark.sql.execution.command.DataWritingCommandExec.executeCollect(commands.scala:125)
	at org.apache.spark.sql.execution.QueryExecution$$anonfun$eagerlyExecuteCommands$1.$anonfun$applyOrElse$1(QueryExecution.scala:110)
	at org.apache.spark.sql.execution.SQLExecution$.$anonfun$withNewExecutionId$5(SQLExecution.scala:103)
	at org.apache.spark.sql.execution.SQLExecution$.withSQLConfPropagated(SQLExecution.scala:163)
	at org.apache.spark.sql.execution.SQLExecution$.$anonfun$withNewExecutionId$1(SQLExecution.scala:90)
	at org.apache.spark.sql.SparkSession.withActive(SparkSession.scala:775)
	at org.apache.spark.sql.execution.SQLExecution$.withNewExecutionId(SQLExecution.scala:64)
	at org.apache.spark.sql.execution.QueryExecution$$anonfun$eagerlyExecuteCommands$1.applyOrElse(QueryExecution.scala:110)
	at org.apache.spark.sql.execution.QueryExecution$$anonfun$eagerlyExecuteCommands$1.applyOrElse(QueryExecution.scala:106)
	at org.apache.spark.sql.catalyst.trees.TreeNode.$anonfun$transformDownWithPruning$1(TreeNode.scala:481)
	at org.apache.spark.sql.catalyst.trees.CurrentOrigin$.withOrigin(TreeNode.scala:82)
	at org.apache.spark.sql.catalyst.trees.TreeNode.transformDownWithPruning(TreeNode.scala:481)
	at org.apache.spark.sql.catalyst.plans.logical.LogicalPlan.org$apache$spark$sql$catalyst$plans$logical$AnalysisHelper$$super$transformDownWithPruning(LogicalPlan.scala:30)
	at org.apache.spark.sql.catalyst.plans.logical.AnalysisHelper.transformDownWithPruning(AnalysisHelper.scala:267)
	at org.apache.spark.sql.catalyst.plans.logical.AnalysisHelper.transformDownWithPruning$(AnalysisHelper.scala:263)
	at org.apache.spark.sql.catalyst.plans.logical.LogicalPlan.transformDownWithPruning(LogicalPlan.scala:30)
	at org.apache.spark.sql.catalyst.plans.logical.LogicalPlan.transformDownWithPruning(LogicalPlan.scala:30)
	at org.apache.spark.sql.catalyst.trees.TreeNode.transformDown(TreeNode.scala:457)
	at org.apache.spark.sql.execution.QueryExecution.eagerlyExecuteCommands(QueryExecution.scala:106)
	at org.apache.spark.sql.execution.QueryExecution.commandExecuted$lzycompute(QueryExecution.scala:93)
	at org.apache.spark.sql.execution.QueryExecution.commandExecuted(QueryExecution.scala:91)
	at org.apache.spark.sql.execution.QueryExecution.assertCommandExecuted(QueryExecution.scala:128)
	at org.apache.spark.sql.DataFrameWriter.runCommand(DataFrameWriter.scala:848)
	at org.apache.spark.sql.DataFrameWriter.saveToV1Source(DataFrameWriter.scala:382)
	at org.apache.spark.sql.DataFrameWriter.saveInternal(DataFrameWriter.scala:355)
	at org.apache.spark.sql.DataFrameWriter.save(DataFrameWriter.scala:239)
	at org.apache.spark.sql.DataFrameWriter.parquet(DataFrameWriter.scala:781)
	at sun.reflect.NativeMethodAccessorImpl.invoke0(Native Method)
	at sun.reflect.NativeMethodAccessorImpl.invoke(NativeMethodAccessorImpl.java:62)
	at sun.reflect.DelegatingMethodAccessorImpl.invoke(DelegatingMethodAccessorImpl.java:43)
	at java.lang.reflect.Method.invoke(Method.java:498)
	at py4j.reflection.MethodInvoker.invoke(MethodInvoker.java:244)
	at py4j.reflection.ReflectionEngine.invoke(ReflectionEngine.java:357)
	at py4j.Gateway.invoke(Gateway.java:282)
	at py4j.commands.AbstractCommand.invokeMethod(AbstractCommand.java:132)
	at py4j.commands.CallCommand.execute(CallCommand.java:79)
	at py4j.GatewayConnection.run(GatewayConnection.java:238)
	at java.lang.Thread.run(Thread.java:748)
Caused by: org.apache.spark.SparkException: Job aborted due to stage failure: Task 0 in stage 6.0 failed 4 times, most recent failure: Lost task 0.3 in stage 6.0 (TID 8) (omlt-abyss-sdp-datanode-02.opsmon.sbt executor 1): org.apache.spark.SparkException: Task failed while writing rows.
	at org.apache.spark.sql.errors.QueryExecutionErrors$.taskFailedWhileWritingRowsError(QueryExecutionErrors.scala:500)
	at org.apache.spark.sql.execution.datasources.FileFormatWriter$.executeTask(FileFormatWriter.scala:321)
	at org.apache.spark.sql.execution.datasources.FileFormatWriter$.$anonfun$write$16(FileFormatWriter.scala:229)
	at org.apache.spark.scheduler.ResultTask.runTask(ResultTask.scala:90)
	at org.apache.spark.scheduler.Task.run(Task.scala:131)
	at org.apache.spark.executor.Executor$TaskRunner.$anonfun$run$3(Executor.scala:506)
	at org.apache.spark.util.Utils$.tryWithSafeFinally(Utils.scala:1462)
	at org.apache.spark.executor.Executor$TaskRunner.run(Executor.scala:509)
	at java.util.concurrent.ThreadPoolExecutor.runWorker(ThreadPoolExecutor.java:1149)
	at java.util.concurrent.ThreadPoolExecutor$Worker.run(ThreadPoolExecutor.java:624)
	at java.lang.Thread.run(Thread.java:748)
Caused by: java.io.FileNotFoundException: 
File does not exist: /orc_test/layouts/best_orc/reports/raw/benchmark_hive_h0/hive_results.csv
	at org.apache.hadoop.hdfs.server.namenode.INodeFile.valueOf(INodeFile.java:86)
	at org.apache.hadoop.hdfs.server.namenode.INodeFile.valueOf(INodeFile.java:76)
	at org.apache.hadoop.hdfs.server.namenode.FSDirStatAndListingOp.getBlockLocations(FSDirStatAndListingOp.java:153)
	at org.apache.hadoop.hdfs.server.namenode.FSNamesystem.getBlockLocations(FSNamesystem.java:1951)
	at org.apache.hadoop.hdfs.server.namenode.NameNodeRpcServer.getBlockLocations(NameNodeRpcServer.java:755)
	at org.apache.hadoop.hdfs.protocolPB.ClientNamenodeProtocolServerSideTranslatorPB.getBlockLocations(ClientNamenodeProtocolServerSideTranslatorPB.java:433)
	at org.apache.hadoop.hdfs.protocol.proto.ClientNamenodeProtocolProtos$ClientNamenodeProtocol$2.callBlockingMethod(ClientNamenodeProtocolProtos.java)
	at org.apache.hadoop.ipc.ProtobufRpcEngine$Server$ProtoBufRpcInvoker.call(ProtobufRpcEngine.java:527)
	at org.apache.hadoop.ipc.RPC$Server.call(RPC.java:1036)
	at org.apache.hadoop.ipc.Server$RpcCall.run(Server.java:1000)
	at org.apache.hadoop.ipc.Server$RpcCall.run(Server.java:928)
	at java.security.AccessController.doPrivileged(Native Method)
	at javax.security.auth.Subject.doAs(Subject.java:422)
	at org.apache.hadoop.security.UserGroupInformation.doAs(UserGroupInformation.java:1729)
	at org.apache.hadoop.ipc.Server$Handler.run(Server.java:2916)


It is possible the underlying files have been updated. You can explicitly invalidate
the cache in Spark by running 'REFRESH TABLE tableName' command in SQL or by
recreating the Dataset/DataFrame involved.
       
	at org.apache.spark.sql.errors.QueryExecutionErrors$.readCurrentFileNotFoundError(QueryExecutionErrors.scala:506)
	at org.apache.spark.sql.execution.datasources.FileScanRDD$$anon$1.org$apache$spark$sql$execution$datasources$FileScanRDD$$anon$$readCurrentFile(FileScanRDD.scala:130)
	at org.apache.spark.sql.execution.datasources.FileScanRDD$$anon$1.nextIterator(FileScanRDD.scala:187)
	at org.apache.spark.sql.execution.datasources.FileScanRDD$$anon$1.hasNext(FileScanRDD.scala:104)
	at scala.collection.Iterator$$anon$10.hasNext(Iterator.scala:460)
	at org.apache.spark.sql.catalyst.expressions.GeneratedClass$GeneratedIteratorForCodegenStage1.processNext(Unknown Source)
	at org.apache.spark.sql.execution.BufferedRowIterator.hasNext(BufferedRowIterator.java:43)
	at org.apache.spark.sql.execution.WholeStageCodegenExec$$anon$1.hasNext(WholeStageCodegenExec.scala:759)
	at scala.collection.Iterator$$anon$11.hasNext(Iterator.scala:490)
	at org.apache.spark.sql.execution.datasources.FileFormatDataWriter.writeWithIterator(FileFormatDataWriter.scala:91)
	at org.apache.spark.sql.execution.datasources.FileFormatWriter$.$anonfun$executeTask$1(FileFormatWriter.scala:304)
	at org.apache.spark.util.Utils$.tryWithSafeFinallyAndFailureCallbacks(Utils.scala:1496)
	at org.apache.spark.sql.execution.datasources.FileFormatWriter$.executeTask(FileFormatWriter.scala:311)
	... 9 more

Driver stacktrace:
	at org.apache.spark.scheduler.DAGScheduler.failJobAndIndependentStages(DAGScheduler.scala:2454)
	at org.apache.spark.scheduler.DAGScheduler.$anonfun$abortStage$2(DAGScheduler.scala:2403)
	at org.apache.spark.scheduler.DAGScheduler.$anonfun$abortStage$2$adapted(DAGScheduler.scala:2402)
	at scala.collection.mutable.ResizableArray.foreach(ResizableArray.scala:62)
	at scala.collection.mutable.ResizableArray.foreach$(ResizableArray.scala:55)
	at scala.collection.mutable.ArrayBuffer.foreach(ArrayBuffer.scala:49)
	at org.apache.spark.scheduler.DAGScheduler.abortStage(DAGScheduler.scala:2402)
	at org.apache.spark.scheduler.DAGScheduler.$anonfun$handleTaskSetFailed$1(DAGScheduler.scala:1160)
	at org.apache.spark.scheduler.DAGScheduler.$anonfun$handleTaskSetFailed$1$adapted(DAGScheduler.scala:1160)
	at scala.Option.foreach(Option.scala:407)
	at org.apache.spark.scheduler.DAGScheduler.handleTaskSetFailed(DAGScheduler.scala:1160)
	at org.apache.spark.scheduler.DAGSchedulerEventProcessLoop.doOnReceive(DAGScheduler.scala:2642)
	at org.apache.spark.scheduler.DAGSchedulerEventProcessLoop.onReceive(DAGScheduler.scala:2584)
	at org.apache.spark.scheduler.DAGSchedulerEventProcessLoop.onReceive(DAGScheduler.scala:2573)
	at org.apache.spark.util.EventLoop$$anon$1.run(EventLoop.scala:49)
	at org.apache.spark.scheduler.DAGScheduler.runJob(DAGScheduler.scala:938)
	at org.apache.spark.SparkContext.runJob(SparkContext.scala:2214)
	at org.apache.spark.sql.execution.datasources.FileFormatWriter$.write(FileFormatWriter.scala:218)
	... 41 more
Caused by: org.apache.spark.SparkException: Task failed while writing rows.
	at org.apache.spark.sql.errors.QueryExecutionErrors$.taskFailedWhileWritingRowsError(QueryExecutionErrors.scala:500)
	at org.apache.spark.sql.execution.datasources.FileFormatWriter$.executeTask(FileFormatWriter.scala:321)
	at org.apache.spark.sql.execution.datasources.FileFormatWriter$.$anonfun$write$16(FileFormatWriter.scala:229)
	at org.apache.spark.scheduler.ResultTask.runTask(ResultTask.scala:90)
	at org.apache.spark.scheduler.Task.run(Task.scala:131)
	at org.apache.spark.executor.Executor$TaskRunner.$anonfun$run$3(Executor.scala:506)
	at org.apache.spark.util.Utils$.tryWithSafeFinally(Utils.scala:1462)
	at org.apache.spark.executor.Executor$TaskRunner.run(Executor.scala:509)
	at java.util.concurrent.ThreadPoolExecutor.runWorker(ThreadPoolExecutor.java:1149)
	at java.util.concurrent.ThreadPoolExecutor$Worker.run(ThreadPoolExecutor.java:624)
	... 1 more
Caused by: java.io.FileNotFoundException: 
File does not exist: /orc_test/layouts/best_orc/reports/raw/benchmark_hive_h0/hive_results.csv
	at org.apache.hadoop.hdfs.server.namenode.INodeFile.valueOf(INodeFile.java:86)
	at org.apache.hadoop.hdfs.server.namenode.INodeFile.valueOf(INodeFile.java:76)
	at org.apache.hadoop.hdfs.server.namenode.FSDirStatAndListingOp.getBlockLocations(FSDirStatAndListingOp.java:153)
	at org.apache.hadoop.hdfs.server.namenode.FSNamesystem.getBlockLocations(FSNamesystem.java:1951)
	at org.apache.hadoop.hdfs.server.namenode.NameNodeRpcServer.getBlockLocations(NameNodeRpcServer.java:755)
	at org.apache.hadoop.hdfs.protocolPB.ClientNamenodeProtocolServerSideTranslatorPB.getBlockLocations(ClientNamenodeProtocolServerSideTranslatorPB.java:433)
	at org.apache.hadoop.hdfs.protocol.proto.ClientNamenodeProtocolProtos$ClientNamenodeProtocol$2.callBlockingMethod(ClientNamenodeProtocolProtos.java)
	at org.apache.hadoop.ipc.ProtobufRpcEngine$Server$ProtoBufRpcInvoker.call(ProtobufRpcEngine.java:527)
	at org.apache.hadoop.ipc.RPC$Server.call(RPC.java:1036)
	at org.apache.hadoop.ipc.Server$RpcCall.run(Server.java:1000)
	at org.apache.hadoop.ipc.Server$RpcCall.run(Server.java:928)
	at java.security.AccessController.doPrivileged(Native Method)
	at javax.security.auth.Subject.doAs(Subject.java:422)
	at org.apache.hadoop.security.UserGroupInformation.doAs(UserGroupInformation.java:1729)
	at org.apache.hadoop.ipc.Server$Handler.run(Server.java:2916)


It is possible the underlying files have been updated. You can explicitly invalidate
the cache in Spark by running 'REFRESH TABLE tableName' command in SQL or by
recreating the Dataset/DataFrame involved.
       
	at org.apache.spark.sql.errors.QueryExecutionErrors$.readCurrentFileNotFoundError(QueryExecutionErrors.scala:506)
	at org.apache.spark.sql.execution.datasources.FileScanRDD$$anon$1.org$apache$spark$sql$execution$datasources$FileScanRDD$$anon$$readCurrentFile(FileScanRDD.scala:130)
	at org.apache.spark.sql.execution.datasources.FileScanRDD$$anon$1.nextIterator(FileScanRDD.scala:187)
	at org.apache.spark.sql.execution.datasources.FileScanRDD$$anon$1.hasNext(FileScanRDD.scala:104)
	at scala.collection.Iterator$$anon$10.hasNext(Iterator.scala:460)
	at org.apache.spark.sql.catalyst.expressions.GeneratedClass$GeneratedIteratorForCodegenStage1.processNext(Unknown Source)
	at org.apache.spark.sql.execution.BufferedRowIterator.hasNext(BufferedRowIterator.java:43)
	at org.apache.spark.sql.execution.WholeStageCodegenExec$$anon$1.hasNext(WholeStageCodegenExec.scala:759)
	at scala.collection.Iterator$$anon$11.hasNext(Iterator.scala:490)
	at org.apache.spark.sql.execution.datasources.FileFormatDataWriter.writeWithIterator(FileFormatDataWriter.scala:91)
	at org.apache.spark.sql.execution.datasources.FileFormatWriter$.$anonfun$executeTask$1(FileFormatWriter.scala:304)
	at org.apache.spark.util.Utils$.tryWithSafeFinallyAndFailureCallbacks(Utils.scala:1496)
	at org.apache.spark.sql.execution.datasources.FileFormatWriter$.executeTask(FileFormatWriter.scala:311)
	... 9 more

26/10/01 11:29:54 INFO ShutdownHookManager: Shutdown hook called
26/10/01 11:29:54 INFO ShutdownHookManager: Deleting directory /tmp/spark-38e37d94-2874-46aa-8c50-63f44d2519cb/pyspark-1cbe1b21-43ff-4ec9-be0a-efacc5d67c27
26/10/01 11:29:54 INFO ShutdownHookManager: Deleting directory /tmp/spark-38e37d94-2874-46aa-8c50-63f44d2519cb
26/10/01 11:29:54 INFO ShutdownHookManager: Deleting directory /tmp/spark-b45636ab-2a1b-4b23-bb1f-bed1b0ee39a0
WARN: pyspark ingest failed (rc=1); trying spark-shell fallback
ERROR: parquet output missing under hdfs:///orc_test/layouts/best_orc/reports/raw/benchmark_hive_h0 after ingest
ERROR: Hive CSV→parquet ingest failed. Local CSV kept at /home/portos/orc_bench/result/hive/hive-best_orc-h0-20261001-111539.csv
  Retry: /home/portos/orc_bench/scripts/hive/ingest-hive-csv.sh /home/portos/orc_bench/result/hive/hive-best_orc-h0-20261001-111539.csv hdfs:///orc_test/layouts/best_orc/reports/raw/benchmark_hive_h0
